chars,pinyin
"一","yī"
"丁","dīng"
"七","qī"
"万","wàn"
"丈","zhàng"
"三","sān"
"上","shàng"
"下","xià"
"丌","jī"
"不","bù"
"与","yú"
"与","yù"
"与","yǔ"
"丏","miǎn"
"丐","gài"
"丑","chǒu"
"专","zhuān"
"且","qiě"
"丕","pī"
"世","shì"
"丘","qiū"
"丙","bǐng"
"业","yè"
"丛","cóng"
"东","dōng"
"丝","sī"
"丞","chéng"
"丢","diū"
"两","liǎng"
"严","yán"
"丧","sàng"
"丧","sāng"
"个","gè"
"丫","yā"
"中","zhòng"
"中","zhōng"
"丰","fēng"
"丱","guàn"
"串","chuàn"
"丳","chǎn"
"临","lín"
"丸","wán"
"丹","dān"
"为","wéi"
"为","wèi"
"主","zhǔ"
"丽","lí"
"丽","lì"
"举","jǔ"
"乂","ài"
"乂","yì"
"乃","nǎi"
"久","jiǔ"
"么","ma"
"么","me"
"么","mó"
"么","yāo"
"义","yì"
"之","zhī"
"乌","wū"
"乍","zhà"
"乎","hū"
"乏","fá"
"乐","lè"
"乐","yuè"
"乒","pīng"
"乓","pāng"
"乔","qiáo"
"乖","guāi"
"乘","chéng"
"乙","yǐ"
"乜","miē"
"九","jiǔ"
"乞","qǐ"
"也","yě"
"习","xí"
"乡","xiāng"
"书","shū"
"乩","jī"
"买","mǎi"
"乱","luàn"
"乳","rǔ"
"乾","gān"
"乾","qián"
"亄","yì"
"了","le"
"了","liào"
"了","liǎo"
"予","yú"
"予","yǔ"
"争","zhēng"
"事","shì"
"二","èr"
"亍","chù"
"于","yú"
"亏","kuī"
"云","yún"
"互","hù"
"亓","qí"
"五","wǔ"
"井","jǐng"
"亘","gèn"
"亚","yà"
"些","xiē"
"亟","jí"
"亟","qì"
"亡","wáng"
"亢","kàng"
"交","jiāo"
"亥","hài"
"亦","yì"
"产","chǎn"
"亨","hēng"
"亩","mǔ"
"享","xiǎng"
"京","jīng"
"亭","tíng"
"亮","liàng"
"亲","qīn"
"亲","qìng"
"亵","xiè"
"亶","dǎn"
"亹","wěi"
"人","rén"
"亿","yì"
"什","shí"
"仁","rén"
"仂","lè"
"仃","dīng"
"仄","zè"
"仅","jǐn"
"仆","pú"
"仆","pū"
"仇","chóu"
"仇","qiú"
"仈","bā"
"仉","zhǎng"
"今","jīn"
"介","jiè"
"仍","réng"
"从","cóng"
"从","cōng"
"从","zòng"
"仑","lún"
"仓","cāng"
"仔","zǐ"
"仔","zī"
"仕","shì"
"他","tā"
"仗","zhàng"
"付","fù"
"仙","xiān"
"仝","tóng"
"仞","rèn"
"仟","qiān"
"仡","yì"
"代","dài"
"令","líng"
"令","lìng"
"以","yǐ"
"仪","yí"
"们","men"
"仰","yǎng"
"仲","zhòng"
"仳","pǐ"
"仵","wǔ"
"件","jiàn"
"价","jià"
"价","jiè"
"任","rèn"
"份","fèn"
"仿","fǎng"
"伀","zhōng"
"伉","kàng"
"伊","yī"
"伋","jí"
"伍","wǔ"
"伎","jì"
"伏","fú"
"休","xiū"
"众","zhòng"
"优","yōu"
"伙","huǒ"
"会","huì"
"会","kuài"
"伛","yǔ"
"伞","sǎn"
"伟","wěi"
"传","chuán"
"传","zhuàn"
"伤","shāng"
"伥","chāng"
"伦","lún"
"伧","cāng"
"伪","wěi"
"伯","bó"
"估","gù"
"估","gū"
"伴","bàn"
"伶","líng"
"伸","shēn"
"伺","cì"
"伺","sì"
"伻","bēng"
"似","sì"
"伽","qié"
"伾","pī"
"佃","diàn"
"但","dàn"
"佉","qū"
"佌","cǐ"
"位","wèi"
"低","dī"
"住","zhù"
"佐","zuǒ"
"佑","yòu"
"体","tǐ"
"何","hé"
"佗","tuó"
"佘","shé"
"余","yú"
"佚","yì"
"佛","fó"
"佛","fú"
"作","zuò"
"佞","nìng"
"佟","tóng"
"你","nǐ"
"佣","yòng"
"佣","yōng"
"佤","wǎ"
"佥","qiān"
"佩","pèi"
"佪","huí"
"佫","hè"
"佬","lǎo"
"佯","yáng"
"佰","bǎi"
"佳","jiā"
"佴","èr"
"佶","jí"
"佹","guǐ"
"佺","quán"
"佼","jiǎo"
"佽","cì"
"佾","yì"
"使","shǐ"
"侀","xíng"
"侁","shēn"
"侃","kǎn"
"侄","zhí"
"侈","chǐ"
"例","lì"
"侍","shì"
"侏","zhū"
"侐","xù"
"侑","yòu"
"侔","móu"
"侗","dòng"
"侗","tóng"
"侘","chà"
"供","gòng"
"供","gōng"
"侜","zhōu"
"依","yī"
"侠","xiá"
"侣","lǚ"
"侥","jiǎo"
"侦","zhēn"
"侧","cè"
"侧","zhāi"
"侨","qiáo"
"侩","kuài"
"侪","chái"
"侬","nóng"
"侮","wǔ"
"侯","hóu"
"侵","qīn"
"便","biàn"
"便","pián"
"促","cù"
"俄","é"
"俅","qiú"
"俊","jùn"
"俎","zǔ"
"俏","qiào"
"俐","lì"
"俑","yǒng"
"俗","sú"
"俘","fú"
"俚","lǐ"
"俛","miǎn"
"俜","pīng"
"保","bǎo"
"俞","yú"
"俟","sì"
"信","xìn"
"俣","yǔ"
"俦","chóu"
"俨","yǎn"
"俩","liǎ"
"俩","liǎng"
"俪","lì"
"俭","jiǎn"
"修","xiū"
"俯","fǔ"
"俱","jù"
"俱","jū"
"俳","pái"
"俴","jiàn"
"俶","chù"
"俸","fèng"
"俺","ǎn"
"俾","bǐ"
"倅","cuì"
"倌","guān"
"倍","bèi"
"倒","dào"
"倒","dǎo"
"倔","jué"
"倘","tǎng"
"候","hòu"
"倚","yǐ"
"倜","tì"
"借","jiè"
"倡","chàng"
"倢","jié"
"倥","kǒng"
"倥","kōng"
"倦","juàn"
"倨","jù"
"倩","qiàn"
"倪","ní"
"倭","wō"
"债","zhài"
"值","zhí"
"倾","qīng"
"偁","chēng"
"偃","yǎn"
"假","jià"
"假","jiǎ"
"偈","jì"
"偈","jié"
"偌","ruò"
"偎","wēi"
"偏","piān"
"偕","jiē"
"偕","xié"
"做","zuò"
"停","tíng"
"偝","bèi"
"健","jiàn"
"偩","fù"
"偬","zǒng"
"偯","yǐ"
"偲","sī"
"偶","ǒu"
"偷","tōu"
"偻","lóu"
"偾","fèn"
"偿","cháng"
"傀","guī"
"傀","kuǐ"
"傅","fù"
"傈","sù"
"傍","bàng"
"傍","bāng"
"傎","diān"
"傒","xī"
"傜","yáo"
"傞","suō"
"傥","tǎng"
"傧","bīn"
"储","chǔ"
"傩","nuó"
"催","cuī"
"傲","ào"
"傺","chì"
"傻","shǎ"
"僇","lù"
"像","xiàng"
"僖","xī"
"僚","liáo"
"僤","dàn"
"僦","jiù"
"僧","sēng"
"僩","xiàn"
"僬","jiāo"
"僭","jiàn"
"僮","tóng"
"僮","zhuàng"
"僰","bó"
"僵","jiāng"
"僻","pì"
"僾","ài"
"儆","jǐng"
"儇","xuān"
"儋","dān"
"儌","jiǎo"
"儒","rú"
"儗","nǐ"
"儡","lěi"
"儤","bào"
"儦","biāo"
"儩","sì"
"儸","luó"
"儿","er"
"儿","ér"
"兀","wù"
"允","yǔn"
"元","yuán"
"兄","xiōng"
"充","chōng"
"兆","zhào"
"先","xiān"
"光","guāng"
"克","kè"
"免","miǎn"
"兑","duì"
"兔","tù"
"兕","sì"
"兖","yǎn"
"党","dǎng"
"兜","dōu"
"兢","jīng"
"入","rù"
"全","quán"
"八","bā"
"公","gōng"
"六","liù"
"兮","xī"
"兰","lán"
"共","gòng"
"关","guān"
"兴","xìng"
"兴","xīng"
"兵","bīng"
"其","qí"
"具","jù"
"典","diǎn"
"兹","zī"
"养","yǎng"
"兼","jiān"
"兽","shòu"
"冀","jì"
"冁","chǎn"
"内","nèi"
"冈","gāng"
"冉","rǎn"
"册","cè"
"再","zài"
"冏","jiǒng"
"冒","mào"
"冓","gòu"
"冔","xǔ"
"冕","miǎn"
"冗","rǒng"
"写","xiě"
"军","jūn"
"农","nóng"
"冞","mí"
"冠","guàn"
"冠","guān"
"冢","zhǒng"
"冤","yuān"
"冥","míng"
"冬","dōng"
"冰","bīng"
"冱","hù"
"冲","chòng"
"冲","chōng"
"决","jué"
"况","kuàng"
"冶","yě"
"冷","lěng"
"冻","dòng"
"冼","xiǎn"
"冽","liè"
"净","jìng"
"凄","qī"
"准","zhǔn"
"凉","liáng"
"凊","jìng"
"凋","diāo"
"凌","líng"
"减","jiǎn"
"凑","còu"
"凛","lǐn"
"凝","níng"
"几","jǐ"
"几","jī"
"凡","fán"
"凤","fèng"
"凫","fú"
"凭","píng"
"凯","kǎi"
"凰","huáng"
"凳","dèng"
"凵","qū"
"凶","xiōng"
"凹","āo"
"出","chū"
"击","jī"
"函","hán"
"凿","záo"
"凿","zuò"
"刀","dāo"
"刁","diāo"
"刃","rèn"
"分","fèn"
"分","fēn"
"切","qiè"
"切","qiē"
"刈","yì"
"刊","kān"
"刍","chú"
"刎","wěn"
"刑","xíng"
"划","huá"
"划","huà"
"刖","yuè"
"列","liè"
"刘","liú"
"则","zé"
"刚","gāng"
"创","chuàng"
"创","chuāng"
"刜","fú"
"初","chū"
"删","shān"
"判","pàn"
"刨","bào"
"刨","páo"
"利","lì"
"别","bié"
"别","biè"
"刭","jǐng"
"刮","guā"
"到","dào"
"刲","kuī"
"刳","kū"
"刵","èr"
"制","zhì"
"刷","shuà"
"刷","shuā"
"券","quàn"
"刹","chà"
"刹","shā"
"刺","cì"
"刻","kè"
"刿","guì"
"剀","kǎi"
"剁","duò"
"剂","jì"
"剃","tì"
"削","xiāo"
"削","xuē"
"剌","lá"
"剌","là"
"前","qián"
"剐","guǎ"
"剑","jiàn"
"剔","tī"
"剖","pōu"
"剚","zì"
"剜","wān"
"剞","jī"
"剡","shàn"
"剡","yǎn"
"剥","bō"
"剧","jù"
"剩","shèng"
"剪","jiǎn"
"副","fù"
"割","gē"
"剸","tuán"
"剽","piāo"
"剿","chāo"
"剿","jiǎo"
"劂","jué"
"劈","pǐ"
"劈","pī"
"劓","yì"
"劖","chán"
"劘","mó"
"力","lì"
"劝","quàn"
"办","bàn"
"功","gōng"
"加","jiā"
"务","wù"
"劢","mài"
"劣","liè"
"动","dòng"
"助","chú"
"助","zhù"
"努","nǔ"
"劫","jié"
"劬","qú"
"劭","shào"
"励","lì"
"劲","jìn"
"劲","jìng"
"劳","láo"
"劻","kuāng"
"劼","jié"
"劾","hé"
"势","shì"
"勃","bó"
"勇","yǒng"
"勉","miǎn"
"勋","xūn"
"勒","lè"
"勒","lēi"
"勖","xù"
"勗","xù"
"勘","kān"
"募","mù"
"勤","qín"
"勩","yì"
"勰","xié"
"勷","ráng"
"勺","sháo"
"勾","gòu"
"勾","gōu"
"勿","wù"
"匀","yún"
"包","bāo"
"匆","cōng"
"匈","xiōng"
"匊","jú"
"匍","pú"
"匏","páo"
"匐","fú"
"匕","bǐ"
"匕","bī"
"化","huà"
"北","běi"
"匙","chí"
"匚","fāng"
"匜","yí"
"匝","zā"
"匟","kàng"
"匠","jiàng"
"匡","kuāng"
"匣","xiá"
"匦","guǐ"
"匪","fěi"
"匮","kuì"
"匹","pǐ"
"匹","pī"
"区","ōu"
"医","yī"
"匾","biǎn"
"匾","pián"
"匿","nì"
"十","shí"
"千","qiān"
"卅","sà"
"升","shēng"
"午","wǔ"
"卉","huì"
"半","bàn"
"华","huá"
"华","huà"
"华","huā"
"协","xié"
"卑","bēi"
"卒","cù"
"卒","zú"
"卓","zhuó"
"单","chán"
"单","dān"
"单","shàn"
"卖","mài"
"南","nán"
"博","bó"
"卜","bo"
"卜","bǔ"
"卞","biàn"
"占","zhàn"
"占","zhān"
"卡","kǎ"
"卡","qiǎ"
"卢","lú"
"卣","yǒu"
"卤","lǔ"
"卦","guà"
"卧","wò"
"卫","wèi"
"卮","zhī"
"卯","mǎo"
"印","yìn"
"危","wēi"
"卲","shào"
"即","jí"
"却","què"
"卵","luǎn"
"卷","juàn"
"卷","juǎn"
"卸","xiè"
"卺","jǐn"
"卼","wù"
"卿","qīng"
"厂","chǎng"
"厄","è"
"厅","tīng"
"历","lì"
"厉","lì"
"压","yà"
"压","yā"
"厌","yàn"
"厍","shè"
"厎","zhǐ"
"厔","zhì"
"厕","cè"
"厖","páng"
"厘","lí"
"厚","hòu"
"厝","cuò"
"原","yuán"
"厢","xiāng"
"厣","yǎn"
"厥","jué"
"厦","shà"
"厦","xià"
"厨","chú"
"厩","jiù"
"厮","sī"
"厹","qiú"
"厹","róu"
"去","qù"
"县","xiàn"
"参","cān"
"参","shēn"
"又","yòu"
"叉","chá"
"叉","chǎ"
"叉","chā"
"及","jí"
"友","yǒu"
"双","shuāng"
"反","fǎn"
"发","fà"
"发","fā"
"叔","shū"
"取","qǔ"
"受","shòu"
"变","biàn"
"叙","xù"
"叛","pàn"
"叟","sǒu"
"叠","dié"
"叡","ruì"
"口","kǒu"
"古","gǔ"
"句","jù"
"另","lìng"
"叨","dāo"
"叨","tāo"
"叩","kòu"
"只","qí"
"只","zhǐ"
"只","zhī"
"叫","jiào"
"召","shào"
"召","zhào"
"叭","bā"
"叮","dīng"
"可","kě"
"台","tái"
"叱","chì"
"史","shǐ"
"右","yòu"
"叵","pǒ"
"叶","yè"
"号","háo"
"号","hào"
"司","sī"
"叹","tàn"
"叽","jī"
"吁","xū"
"吁","yù"
"吃","chī"
"吃","jí"
"各","gè"
"吆","yāo"
"合","gě"
"合","hé"
"吉","jí"
"吊","diào"
"同","tóng"
"名","míng"
"后","hòu"
"吏","lì"
"吐","tù"
"吐","tǔ"
"向","xiàng"
"吒","zhà"
"吓","xià"
"吕","lǚ"
"吗","ma"
"吗","mǎ"
"君","jūn"
"吝","lìn"
"吞","tūn"
"吟","yín"
"吠","fèi"
"否","fǒu"
"否","pǐ"
"吧","ba"
"吧","bā"
"吨","dùn"
"吨","dūn"
"吩","fēn"
"吪","é"
"含","hán"
"听","tìng"
"听","tīng"
"吭","háng"
"吮","shǔn"
"启","qǐ"
"吱","zī"
"吴","wú"
"吵","chǎo"
"吸","xī"
"吹","chuī"
"吻","wěn"
"吼","hǒu"
"吽","hōng"
"吾","wú"
"呀","ya"
"呃","è"
"呆","dāi"
"呈","chéng"
"告","gào"
"呐","nà"
"呐","ne"
"呓","yì"
"呕","ǒu"
"呖","lì"
"呗","bài"
"员","yuán"
"呙","guō"
"呛","qiàng"
"呛","qiāng"
"呜","wū"
"呢","ne"
"呢","ní"
"呤","líng"
"呦","yōu"
"呧","dǐ"
"周","zhōu"
"呱","gū"
"味","wèi"
"呵","ā"
"呵","hē"
"呶","náo"
"呸","pēi"
"呻","shēn"
"呼","hū"
"命","mìng"
"咀","jǔ"
"咂","zā"
"咆","páo"
"咋","zé"
"咋","zhà"
"和","hé"
"和","hè"
"和","huó"
"和","huò"
"咍","hāi"
"咎","jiù"
"咏","yǒng"
"咐","fù"
"咒","zhòu"
"咕","gū"
"咖","kā"
"咙","lóng"
"咚","dōng"
"咛","níng"
"咡","èr"
"咢","è"
"咥","dié"
"咥","xì"
"咧","liě"
"咧","liē"
"咨","zī"
"咪","mī"
"咫","zhǐ"
"咬","yǎo"
"咮","zhòu"
"咯","gē"
"咯","lo"
"咯","luò"
"咱","zá"
"咱","zán"
"咳","hāi"
"咳","ké"
"咸","xián"
"咺","xuǎn"
"咻","xiū"
"咽","yàn"
"咽","yān"
"咽","yè"
"咿","yī"
"哀","āi"
"品","pǐn"
"哂","shěn"
"哄","hòng"
"哄","hǒng"
"哄","hōng"
"哆","duō"
"哇","wā"
"哈","hǎ"
"哈","hā"
"哉","zāi"
"响","xiǎng"
"哎","āi"
"哑","yǎ"
"哑","yā"
"哒","dā"
"哓","xiāo"
"哔","bì"
"哗","huá"
"哗","huā"
"哙","kuài"
"哝","nóng"
"哢","lòng"
"哤","máng"
"哥","gē"
"哦","é"
"哦","ó"
"哨","shào"
"哩","li"
"哩","lǐ"
"哩","lī"
"哪","na"
"哪","nǎ"
"哪","nǎi"
"哪","něi"
"哭","kū"
"哮","xiāo"
"哲","zhé"
"哺","bǔ"
"哺","bū"
"哼","hēng"
"哼","hng"
"哽","gěng"
"哿","gě"
"唁","yàn"
"唆","suō"
"唇","chún"
"唈","yì"
"唉","ài"
"唉","āi"
"唎","lì"
"唏","xī"
"唐","táng"
"唑","zuò"
"唠","láo"
"唤","huàn"
"唧","jī"
"唪","fěng"
"唬","hǔ"
"售","shòu"
"唯","wéi"
"唯","wěi"
"唱","chàng"
"唳","lì"
"唷","yō"
"唾","tuò"
"啁","zhōu"
"啃","kěn"
"啄","zhuó"
"商","shāng"
"啊","a"
"啊","á"
"啊","à"
"啊","ǎ"
"啊","ā"
"啍","tūn"
"啐","cuì"
"啕","táo"
"啖","dàn"
"啗","dàn"
"啜","chuò"
"啡","fēi"
"啢","liǎng"
"啤","pí"
"啦","la"
"啦","lā"
"啧","zé"
"啬","sè"
"啮","niè"
"啸","xiào"
"啻","chì"
"啼","tí"
"喀","kā"
"喁","yóng"
"喂","wèi"
"喃","nán"
"善","shàn"
"喇","lǎ"
"喇","lā"
"喈","jiē"
"喉","hóu"
"喊","hǎn"
"喋","dié"
"喏","rě"
"喑","yīn"
"喓","yāo"
"喔","ō"
"喘","chuǎn"
"喙","huì"
"喜","xǐ"
"喝","hè"
"喝","hē"
"喟","kuì"
"喤","huáng"
"喧","xuān"
"喨","liàng"
"喫","chī"
"喭","yàn"
"喱","lí"
"喳","chā"
"喵","miāo"
"喷","pèn"
"喷","pēn"
"喻","yù"
"喽","lou"
"喽","lóu"
"喾","kù"
"嗃","hè"
"嗄","á"
"嗄","shà"
"嗅","xiù"
"嗈","yōng"
"嗉","sù"
"嗊","hǒng"
"嗐","hài"
"嗑","kè"
"嗒","tà"
"嗓","sǎng"
"嗔","chēn"
"嗜","shì"
"嗝","gé"
"嗟","jiē"
"嗟","juē"
"嗤","chī"
"嗥","háo"
"嗨","hāi"
"嗫","niè"
"嗯","ēn"
"嗳","ài"
"嗳","ǎi"
"嗷","áo"
"嗹","lián"
"嗽","sòu"
"嗾","sǒu"
"嗿","tǎn"
"嘁","qī"
"嘂","jiào"
"嘈","cáo"
"嘉","jiā"
"嘎","gá"
"嘏","gǔ"
"嘏","jiǎ"
"嘐","xiāo"
"嘒","huì"
"嘓","guō"
"嘘","xū"
"嘛","ma"
"嘟","dū"
"嘤","yīng"
"嘧","mì"
"嘬","chuài"
"嘬","zuō"
"嘱","zhǔ"
"嘲","cháo"
"嘲","zhāo"
"嘴","zuǐ"
"嘶","sī"
"嘹","liáo"
"嘻","xī"
"嘿","hēi"
"噀","xùn"
"噂","zǔn"
"噉","dàn"
"噌","cēng"
"噌","chēng"
"噎","yē"
"噗","pū"
"噘","juē"
"噙","qín"
"噜","lū"
"噢","ō"
"噤","jìn"
"器","qì"
"噩","è"
"噪","zào"
"噫","yī"
"噬","shì"
"噱","jué"
"噳","yǔ"
"噶","gá"
"嚃","tà"
"嚄","huò"
"嚄","ǒ"
"嚅","rú"
"嚆","hāo"
"嚎","háo"
"嚏","tì"
"嚚","yín"
"嚣","xiāo"
"嚬","pín"
"嚭","pǐ"
"嚲","duǒ"
"嚷","rǎng"
"嚼","jiáo"
"嚼","jué"
"囊","náng"
"囗","wéi"
"囚","qiú"
"四","sì"
"囝","jiǎn"
"回","huí"
"囟","xìn"
"因","yīn"
"团","tuán"
"囤","dùn"
"囤","tún"
"囥","kàng"
"囫","hú"
"园","yuán"
"囮","é"
"困","kùn"
"困","kǔn"
"囱","cōng"
"围","wéi"
"囵","lún"
"囷","jūn"
"囹","líng"
"固","gù"
"国","guó"
"图","tú"
"囿","yòu"
"圂","hùn"
"圃","pǔ"
"圄","yǔ"
"圆","yuán"
"圈","juàn"
"圈","juān"
"圈","quān"
"圊","qīng"
"圌","chuí"
"圛","yì"
"圜","yuán"
"圞","luán"
"土","tǔ"
"圣","shèng"
"在","zài"
"圩","wéi"
"圪","gē"
"圬","wū"
"圭","guī"
"圮","pǐ"
"地","de"
"地","dì"
"圹","kuàng"
"场","chǎng"
"圻","qí"
"址","zhǐ"
"均","jūn"
"坊","fāng"
"坌","bèn"
"坍","tān"
"坎","kǎn"
"坏","huài"
"坐","zuò"
"坑","kēng"
"块","kuài"
"块","kuāi"
"坚","jiān"
"坛","tán"
"坝","bà"
"坞","wù"
"坟","fén"
"坠","zhuì"
"坡","pō"
"坤","kūn"
"坦","tǎn"
"坨","tuó"
"坩","gān"
"坪","píng"
"坫","diàn"
"坭","ní"
"坯","pī"
"坰","jiōng"
"坱","yāng"
"坳","ào"
"坷","kě"
"坻","chí"
"坻","dǐ"
"坼","chè"
"垂","chuí"
"垄","lǒng"
"垆","lú"
"型","xíng"
"垒","lěi"
"垓","gāi"
"垕","hòu"
"垚","yáo"
"垛","duò"
"垛","duǒ"
"垝","guǐ"
"垞","chá"
"垟","yáng"
"垠","yín"
"垢","gòu"
"垣","yuán"
"垤","dié"
"垦","kěn"
"垩","è"
"垫","diàn"
"垮","kuǎ"
"垲","kǎi"
"埂","gěng"
"埃","āi"
"埇","yǒng"
"埋","mái"
"埋","mán"
"埌","làng"
"城","chéng"
"埏","shān"
"埏","yán"
"埔","pǔ"
"埕","chéng"
"埘","shí"
"埙","xūn"
"埚","guō"
"域","yù"
"埠","bù"
"埤","pí"
"埧","jù"
"埭","dài"
"埰","cài"
"埵","duǒ"
"埶","yì"
"埸","yì"
"培","péi"
"基","jī"
"埽","sào"
"堀","kū"
"堂","táng"
"堆","duī"
"堇","jǐn"
"堉","yù"
"堋","péng"
"堌","gù"
"堍","tù"
"堎","líng"
"堑","qiàn"
"堕","duò"
"堕","huī"
"堙","yīn"
"堞","dié"
"堠","hòu"
"堡","bǎo"
"堡","pù"
"堤","dī"
"堨","è"
"堪","kān"
"堰","yàn"
"堳","méi"
"堵","dǔ"
"堽","gāng"
"堿","jiǎn"
"塈","jì"
"塌","tā"
"塍","chéng"
"塑","sù"
"塓","mì"
"塔","tǎ"
"塘","táng"
"塝","bàng"
"塞","sài"
"塞","sāi"
"塞","sè"
"塥","gé"
"填","tián"
"塱","lǎng"
"塼","zhuān"
"塽","shuǎng"
"塾","shú"
"塿","lǒu"
"墀","chí"
"墁","màn"
"境","jìng"
"墅","shù"
"墉","yōng"
"墐","jǐn"
"墓","mù"
"墙","qiáng"
"墝","qiāo"
"增","zēng"
"墟","xū"
"墠","shàn"
"墦","fán"
"墨","mò"
"墩","dūn"
"墫","zūn"
"墺","ào"
"壁","bì"
"壅","yōng"
"壈","lǎn"
"壎","xūn"
"壑","hè"
"壒","ài"
"壔","dǎo"
"壕","háo"
"壖","ruán"
"壤","rǎng"
"士","shì"
"壬","rén"
"壮","zhuàng"
"声","shēng"
"壳","ké"
"壳","qiào"
"壶","hú"
"壹","yī"
"壿","zūn"
"处","chù"
"处","chǔ"
"夆","féng"
"备","bèi"
"复","fù"
"夏","xià"
"夔","kuí"
"夕","xì"
"夕","xī"
"外","wài"
"夙","sù"
"多","duō"
"夜","yè"
"够","gòu"
"夤","yín"
"夥","huǒ"
"大","dà"
"大","dài"
"天","tiān"
"太","tài"
"夫","fū"
"夬","guài"
"夭","yāo"
"央","yāng"
"夯","hāng"
"失","shī"
"头","tou"
"头","tóu"
"夷","yí"
"夸","kuā"
"夹","jiá"
"夹","jiā"
"夺","duó"
"奁","lián"
"奂","huàn"
"奄","yǎn"
"奄","yān"
"奇","jī"
"奇","qí"
"奈","nài"
"奉","fèng"
"奋","fèn"
"奎","kuí"
"奏","zòu"
"契","qì"
"奓","shē"
"奔","bèn"
"奔","bēn"
"奕","yì"
"奖","jiǎng"
"套","tào"
"奘","zàng"
"奘","zhuǎng"
"奚","xī"
"奠","diàn"
"奡","ào"
"奢","shē"
"奥","ào"
"奭","shì"
"女","nǚ"
"奴","nú"
"奶","nǎi"
"奸","jiān"
"她","tā"
"好","hào"
"好","hǎo"
"妁","shuò"
"如","rú"
"妃","fēi"
"妄","wàng"
"妆","zhuāng"
"妇","fù"
"妈","mā"
"妊","rèn"
"妍","yán"
"妒","dù"
"妓","jì"
"妖","yāo"
"妗","jìn"
"妙","miào"
"妞","niū"
"妣","bǐ"
"妤","yú"
"妥","tuǒ"
"妨","fáng"
"妩","wǔ"
"妪","yù"
"妫","guī"
"妯","zhóu"
"妲","dá"
"妵","tǒu"
"妹","mèi"
"妻","qì"
"妻","qī"
"妾","qiè"
"姁","xǔ"
"姅","bàn"
"姆","mǔ"
"姊","zǐ"
"始","shǐ"
"姐","jiě"
"姑","gū"
"姒","sì"
"姓","xìng"
"委","wěi"
"委","wēi"
"姗","shān"
"姘","pīn"
"姚","yáo"
"姜","jiāng"
"姝","shū"
"姞","jí"
"姣","jiāo"
"姤","gòu"
"姥","lǎo"
"姥","mǔ"
"姨","yí"
"姬","jī"
"姮","héng"
"姱","kuā"
"姻","yīn"
"姽","guǐ"
"姿","zī"
"娀","sōng"
"威","wēi"
"娃","wá"
"娄","lóu"
"娅","yà"
"娆","ráo"
"娆","rǎo"
"娇","jiāo"
"娈","luán"
"娉","pīng"
"娌","lǐ"
"娑","suō"
"娓","wěi"
"娘","niáng"
"娜","nuó"
"娟","juān"
"娠","shēn"
"娣","dì"
"娥","é"
"娩","miǎn"
"娩","wǎn"
"娱","yú"
"娲","wā"
"娴","xián"
"娵","jū"
"娶","qǔ"
"娸","qí"
"娼","chāng"
"婀","ē"
"婆","pó"
"婉","wǎn"
"婊","biǎo"
"婕","jié"
"婚","hūn"
"婞","xìng"
"婢","bì"
"婤","zhōu"
"婥","chuò"
"婪","lán"
"婴","yīng"
"婵","chán"
"婶","shěn"
"婷","tíng"
"婺","wù"
"婼","chuò"
"婿","xù"
"媄","měi"
"媊","qián"
"媒","méi"
"媕","ān"
"媚","mèi"
"媛","yuán"
"媛","yuàn"
"媟","xiè"
"媢","mào"
"媪","ǎo"
"媬","bǎo"
"媮","tōu"
"媲","pì"
"媳","xí"
"媵","yìng"
"媸","chī"
"媺","měi"
"媾","gòu"
"媿","kuì"
"嫁","jià"
"嫂","sǎo"
"嫄","yuán"
"嫈","yīng"
"嫌","xián"
"嫒","ài"
"嫔","pín"
"嫖","piáo"
"嫘","léi"
"嫚","màn"
"嫜","zhāng"
"嫠","lí"
"嫡","dí"
"嫣","yān"
"嫦","cháng"
"嫩","nèn"
"嫪","lào"
"嫫","mó"
"嫱","qiáng"
"嫽","liáo"
"嫿","huà"
"嬃","xū"
"嬉","xī"
"嬖","bì"
"嬗","shàn"
"嬛","huán"
"嬛","xuān"
"嬝","niǎo"
"嬭","nǎi"
"嬲","niǎo"
"嬴","yíng"
"嬷","mā"
"嬾","lǎn"
"孀","shuāng"
"孅","xiān"
"子","zi"
"子","zǐ"
"孑","jié"
"孓","jué"
"孔","kǒng"
"孕","yùn"
"字","zì"
"存","cún"
"孙","sūn"
"孚","fú"
"孛","bèi"
"孛","bó"
"孜","zī"
"孝","xiào"
"孟","mèng"
"孢","bāo"
"季","jì"
"孤","gū"
"孥","nú"
"学","xué"
"孩","hái"
"孰","shú"
"孱","càn"
"孱","chán"
"孳","zī"
"孵","fū"
"孺","rú"
"孽","niè"
"宁","níng"
"宁","nìng"
"它","tā"
"宄","guǐ"
"宅","zhái"
"宇","yǔ"
"守","shǒu"
"安","ān"
"宋","sòng"
"完","wán"
"宏","hóng"
"宓","mì"
"宕","dàng"
"宗","zōng"
"官","guān"
"宙","zhòu"
"定","dìng"
"宛","wǎn"
"宜","yí"
"宝","bǎo"
"实","shí"
"宠","chǒng"
"审","shěn"
"客","kè"
"宣","xuān"
"室","shì"
"宥","yòu"
"宦","huàn"
"宧","yí"
"宪","xiàn"
"宫","gōng"
"宬","chéng"
"宰","zǎi"
"害","hài"
"宴","yàn"
"宵","xiāo"
"家","jiā"
"宸","chén"
"容","róng"
"宽","kuān"
"宾","bīn"
"宿","sù"
"宿","xiù"
"宿","xiǔ"
"寁","zǎn"
"寂","jì"
"寄","jì"
"寅","yín"
"密","mì"
"寇","kòu"
"富","fù"
"寎","bìng"
"寐","mèi"
"寒","hán"
"寓","yù"
"寔","shí"
"寖","jìn"
"寙","yǔ"
"寝","qǐn"
"寞","mò"
"察","chá"
"寠","jù"
"寡","guǎ"
"寤","wù"
"寥","liáo"
"寨","zhài"
"寮","liáo"
"寰","huán"
"寸","cùn"
"对","duì"
"寺","sì"
"寻","xún"
"导","dǎo"
"寿","shòu"
"封","fēng"
"射","shè"
"将","jiàng"
"将","jiāng"
"尉","wèi"
"尊","zūn"
"小","xiǎo"
"少","shào"
"少","shǎo"
"尒","ěr"
"尔","ěr"
"尕","gǎ"
"尖","jiān"
"尘","chén"
"尚","shàng"
"尝","cháng"
"尟","xiǎn"
"尢","wāng"
"尤","yóu"
"尧","yáo"
"尨","máng"
"尨","páng"
"尪","wāng"
"尬","gà"
"就","jiù"
"尸","shī"
"尹","yǐn"
"尺","chě"
"尺","chǐ"
"尻","kāo"
"尼","ní"
"尽","jìn"
"尽","jǐn"
"尾","wěi"
"尾","yǐ"
"尿","suī"
"局","jú"
"屁","pì"
"层","céng"
"屄","bī"
"居","jū"
"屈","qū"
"屉","tì"
"届","jiè"
"屋","wū"
"屌","diǎo"
"屎","shǐ"
"屏","bǐng"
"屏","píng"
"屐","jī"
"屑","xiè"
"展","zhǎn"
"屙","ē"
"屝","fèi"
"属","shǔ"
"属","zhǔ"
"屠","tú"
"屡","lǚ"
"屣","xǐ"
"履","lǚ"
"屦","jù"
"屧","xiè"
"屩","jué"
"屭","xì"
"屮","chè"
"屯","tún"
"屯","zhūn"
"山","shān"
"屴","lì"
"屹","yì"
"屺","qǐ"
"屼","wù"
"屿","yǔ"
"岁","suì"
"岂","qǐ"
"岊","jié"
"岌","jí"
"岍","qiān"
"岐","qí"
"岑","cén"
"岔","chà"
"岖","qū"
"岗","gǎng"
"岘","xiàn"
"岚","lán"
"岛","dǎo"
"岢","kě"
"岣","gǒu"
"岧","tiáo"
"岨","qū"
"岩","yán"
"岫","xiù"
"岬","jiǎ"
"岭","lǐng"
"岱","dài"
"岳","yuè"
"岵","hù"
"岷","mín"
"岸","àn"
"岿","kuī"
"峄","yì"
"峋","xún"
"峒","tóng"
"峓","yí"
"峙","zhì"
"峡","xiá"
"峤","jiào"
"峥","zhēng"
"峦","luán"
"峨","é"
"峪","yù"
"峭","qiào"
"峰","fēng"
"峹","tú"
"峻","jùn"
"峿","wú"
"崂","láo"
"崃","lái"
"崆","kōng"
"崇","chóng"
"崎","qí"
"崔","cuī"
"崖","yái"
"崚","léng"
"崛","jué"
"崞","guō"
"崟","yín"
"崦","yān"
"崧","sōng"
"崩","bēng"
"崭","zhǎn"
"崮","gù"
"崶","fēng"
"崽","zǎi"
"崿","è"
"嵂","lǜ"
"嵇","jī"
"嵊","shèng"
"嵋","méi"
"嵌","qiàn"
"嵎","yú"
"嵒","yán"
"嵘","róng"
"嵝","lǒu"
"嵩","sōng"
"嵫","zī"
"嵬","wéi"
"嵯","cuó"
"嵼","chǎn"
"嵾","cēn"
"嶂","zhàng"
"嶒","céng"
"嶓","bō"
"嶔","qīn"
"嶙","lín"
"嶞","duò"
"嶡","guì"
"嶡","jué"
"嶢","yáo"
"嶮","xiǎn"
"嶰","xiè"
"嶴","ào"
"嶷","yí"
"巂","suǐ"
"巃","lóng"
"巅","diān"
"巇","xī"
"巉","chán"
"巘","yǎn"
"川","chuān"
"州","zhōu"
"巡","xún"
"巢","cháo"
"工","gōng"
"左","zuǒ"
"巧","qiǎo"
"巨","jù"
"巩","gǒng"
"巫","wū"
"差","chà"
"差","chā"
"差","chāi"
"差","cī"
"巯","qiú"
"己","jǐ"
"已","yǐ"
"巳","sì"
"巴","bā"
"巷","xiàng"
"巽","xùn"
"巾","jīn"
"币","bì"
"市","shì"
"布","bù"
"帅","shuài"
"帆","fān"
"师","shī"
"希","xī"
"帏","wéi"
"帐","zhàng"
"帑","tǎng"
"帔","pèi"
"帕","pà"
"帖","tiè"
"帖","tiě"
"帖","tiē"
"帗","fú"
"帘","lián"
"帙","zhì"
"帚","zhǒu"
"帛","bó"
"帜","zhì"
"帝","dì"
"帟","yì"
"帣","juàn"
"带","dài"
"帧","zhèng"
"帨","shuì"
"席","xí"
"帮","bāng"
"帱","chóu"
"帱","dào"
"帷","wéi"
"常","cháng"
"帻","zé"
"帼","guó"
"帽","mào"
"幂","mì"
"幄","wò"
"幅","fú"
"幋","pán"
"幌","huǎng"
"幔","màn"
"幕","mù"
"幛","zhàng"
"幠","hū"
"幡","fān"
"幢","chuáng"
"幦","mì"
"幨","chān"
"幩","fén"
"幪","méng"
"幭","miè"
"幯","jié"
"幰","xiǎn"
"干","gàn"
"干","gān"
"平","píng"
"年","nián"
"并","bìng"
"幸","xìng"
"幻","huàn"
"幼","yòu"
"幽","yōu"
"广","guǎng"
"庀","pǐ"
"庄","zhuāng"
"庆","qìng"
"庇","bì"
"庈","qín"
"床","chuáng"
"序","xù"
"庐","lú"
"庑","wǔ"
"库","kù"
"应","yìng"
"应","yīng"
"底","de"
"底","dǐ"
"庖","páo"
"店","diàn"
"庙","miào"
"庚","gēng"
"府","fǔ"
"庞","páng"
"废","fèi"
"庠","xiáng"
"庥","xiū"
"度","dù"
"座","zuò"
"庬","páng"
"庭","tíng"
"庳","bì"
"庴","jí"
"庵","ān"
"庶","shù"
"康","kāng"
"庸","yōng"
"庹","tuǒ"
"庾","yǔ"
"廉","lián"
"廊","láng"
"廋","sōu"
"廎","qǐng"
"廑","jǐn"
"廒","áo"
"廓","kuò"
"廕","yìn"
"廖","liào"
"廛","chán"
"廧","qiáng"
"廨","xiè"
"廪","lǐn"
"廱","yōng"
"延","yán"
"廷","tíng"
"建","jiàn"
"廾","gǒng"
"廿","niàn"
"开","kāi"
"弁","biàn"
"异","yì"
"弃","qì"
"弄","lòng"
"弄","nòng"
"弇","yǎn"
"弈","yì"
"弊","bì"
"弋","yì"
"式","shì"
"弑","shì"
"弓","gōng"
"引","yǐn"
"弗","fú"
"弘","hóng"
"弛","chí"
"弟","dì"
"张","zhāng"
"弢","tāo"
"弣","fǔ"
"弤","dǐ"
"弥","mí"
"弦","xián"
"弧","hú"
"弨","chāo"
"弩","nǔ"
"弭","mǐ"
"弯","wān"
"弰","shāo"
"弱","ruò"
"弸","bēng"
"弹","dàn"
"弹","tán"
"强","jiàng"
"强","qiáng"
"强","qiǎng"
"弼","bì"
"彀","gòu"
"归","guī"
"当","dàng"
"当","dāng"
"录","lù"
"彖","tuàn"
"彗","huì"
"彘","zhì"
"彝","yí"
"形","xíng"
"彤","tóng"
"彦","yàn"
"彧","yù"
"彩","cǎi"
"彪","biāo"
"彬","bīn"
"彭","péng"
"彰","zhāng"
"影","yǐng"
"彳","chì"
"彷","fǎng"
"彷","páng"
"役","yì"
"彻","chè"
"彼","bǐ"
"彽","chí"
"往","wàng"
"往","wǎng"
"征","zhēng"
"徂","cú"
"径","jìng"
"待","dài"
"待","dāi"
"徇","xùn"
"很","hěn"
"徉","yáng"
"徊","huí"
"律","lǜ"
"徐","xú"
"徒","tú"
"徕","lái"
"得","de"
"得","dé"
"得","děi"
"徘","pái"
"徙","xǐ"
"徜","cháng"
"御","yù"
"徨","huáng"
"循","xún"
"徭","yáo"
"微","wēi"
"徯","xī"
"徵","zhēng"
"徵","zhǐ"
"德","dé"
"徼","jiào"
"徼","jiǎo"
"徽","huī"
"心","xǐn"
"心","xīn"
"必","bì"
"忆","yì"
"忉","dāo"
"忌","jì"
"忍","rěn"
"忏","chàn"
"忐","tǎn"
"忑","tè"
"忒","tè"
"忖","cǔn"
"志","zhì"
"忘","wàng"
"忙","máng"
"忝","tiǎn"
"忠","zhōng"
"忡","chōng"
"忤","wǔ"
"忧","yōu"
"忪","zhōng"
"快","kuài"
"忮","zhì"
"忱","chén"
"念","niàn"
"忸","niǔ"
"忻","xīn"
"忽","hū"
"忾","kài"
"忿","fèn"
"怀","huái"
"态","tài"
"怂","sǒng"
"怃","wǔ"
"怅","chàng"
"怆","chuàng"
"怍","zuò"
"怎","zěn"
"怏","yàng"
"怒","nù"
"怔","zhēng"
"怕","pà"
"怖","bù"
"怗","tiē"
"怙","hù"
"怛","dá"
"怜","lián"
"思","sī"
"怠","dài"
"怡","yí"
"急","jí"
"怦","pēng"
"性","xìng"
"怨","yuàn"
"怪","guài"
"怫","fèi"
"怫","fú"
"怭","bì"
"怯","qiè"
"怲","bǐng"
"怳","huǎng"
"怵","chù"
"总","zǒng"
"怼","duì"
"怿","yì"
"恂","xún"
"恃","shì"
"恇","kuāng"
"恉","zhǐ"
"恋","liàn"
"恌","tiāo"
"恍","huǎng"
"恐","kǒng"
"恒","héng"
"恓","xī"
"恔","xiào"
"恕","shù"
"恙","yàng"
"恚","huì"
"恝","jiá"
"恢","huī"
"恣","zì"
"恤","xù"
"恧","nǜ"
"恨","hèn"
"恩","ēn"
"恪","kè"
"恫","dòng"
"恭","gōng"
"息","xī"
"恰","qià"
"恳","kěn"
"恶","è"
"恶","ě"
"恶","wù"
"恸","tòng"
"恹","yān"
"恺","kǎi"
"恻","cè"
"恼","nǎo"
"恽","yùn"
"恿","yǒng"
"悁","juàn"
"悁","juān"
"悃","kǔn"
"悄","qiǎo"
"悉","xī"
"悌","tì"
"悍","hàn"
"悒","yì"
"悔","huǐ"
"悖","bèi"
"悚","sǒng"
"悛","quān"
"悝","kuī"
"悝","lǐ"
"悟","wù"
"悠","yōu"
"患","huàn"
"悦","yuè"
"您","nín"
"悫","què"
"悬","xuán"
"悭","qiān"
"悯","mǐn"
"悰","cóng"
"悱","fěi"
"悲","bēi"
"悴","cuì"
"悸","jì"
"悻","xìng"
"悼","dào"
"悾","kōng"
"惄","nì"
"情","qíng"
"惆","chóu"
"惊","jīng"
"惎","jì"
"惑","huò"
"惓","quán"
"惕","tì"
"惘","wǎng"
"惙","chuò"
"惚","hū"
"惛","hūn"
"惝","chǎng"
"惝","tǎng"
"惟","wéi"
"惠","huì"
"惠","suì"
"惧","jù"
"惨","cǎn"
"惩","chéng"
"惫","bèi"
"惬","qiè"
"惭","cán"
"惮","dàn"
"惯","guàn"
"惰","duò"
"想","xiǎng"
"惴","zhuì"
"惶","huáng"
"惷","chǔn"
"惸","qióng"
"惹","rě"
"惺","xīng"
"愀","qiǎo"
"愁","chóu"
"愃","xuān"
"愆","qiān"
"愈","yù"
"愉","yú"
"愊","bì"
"愍","mǐn"
"愎","bì"
"意","yì"
"愐","miǎn"
"愒","kài"
"愔","yīn"
"愕","è"
"愚","yú"
"感","gǎn"
"愠","yùn"
"愣","lèng"
"愤","fèn"
"愦","kuì"
"愧","kuì"
"愫","sù"
"愬","sù"
"愿","yuàn"
"慁","hùn"
"慆","tāo"
"慈","cí"
"慉","xù"
"慊","qiàn"
"慊","qiè"
"慌","huāng"
"慎","shèn"
"慑","shè"
"慕","mù"
"慝","tè"
"慢","màn"
"慥","zào"
"慧","huì"
"慨","kǎi"
"慰","wèi"
"慴","zhé"
"慵","yōng"
"慷","kāng"
"憋","biē"
"憍","jiāo"
"憎","zēng"
"憔","qiáo"
"憖","yìn"
"憝","duì"
"憧","chōng"
"憨","hān"
"憩","qì"
"憬","jǐng"
"憯","cǎn"
"憸","xiān"
"憾","hàn"
"懂","dǒng"
"懃","qín"
"懆","cǎo"
"懈","xiè"
"懊","ào"
"懋","mào"
"懑","mèn"
"懒","lǎn"
"懔","lǐn"
"懥","zhì"
"懦","nuò"
"懮","yǒu"
"懰","liú"
"懵","měng"
"懽","huān"
"懿","yì"
"戁","nǎn"
"戄","jué"
"戆","zhuàng"
"戈","gē"
"戊","wù"
"戋","jiān"
"戌","xū"
"戍","shù"
"戎","róng"
"戏","xì"
"成","chéng"
"我","wǒ"
"戒","jiè"
"或","huò"
"战","zhàn"
"戚","qī"
"戛","jiá"
"戟","jǐ"
"戡","kān"
"戢","jí"
"戣","kuí"
"戤","gài"
"戥","děng"
"截","jié"
"戬","jiǎn"
"戮","lù"
"戳","chuō"
"戴","dài"
"户","hù"
"戺","shì"
"戽","hù"
"戾","lì"
"房","fáng"
"所","suǒ"
"扁","piān"
"扃","jiōng"
"扆","yǐ"
"扇","shàn"
"扇","shān"
"扈","hù"
"扉","fēi"
"扊","yǎn"
"手","shǒu"
"才","cái"
"扎","zā"
"扎","zhá"
"扎","zhā"
"扐","lè"
"扑","pū"
"扒","bā"
"扒","pá"
"打","dá"
"打","dǎ"
"扔","rēng"
"托","tuō"
"扛","gāng"
"扛","káng"
"扠","chā"
"扢","gǔ"
"扢","xì"
"扣","kòu"
"扤","wù"
"扦","qiān"
"执","zhí"
"扩","kuò"
"扪","mén"
"扫","sào"
"扫","sǎo"
"扬","yáng"
"扭","niǔ"
"扮","bàn"
"扯","chě"
"扰","rǎo"
"扳","bān"
"扳","pān"
"扶","fú"
"批","pī"
"扼","è"
"找","zhǎo"
"承","chéng"
"技","jì"
"抃","biàn"
"抄","chāo"
"抆","wèn"
"抉","jué"
"把","bǎ"
"抑","yì"
"抒","shū"
"抓","zhuā"
"抔","póu"
"投","tóu"
"抖","dǒu"
"抗","kàng"
"折","shé"
"折","zhé"
"抚","fǔ"
"抛","pāo"
"抟","tuán"
"抠","kōu"
"抡","lún"
"抡","lūn"
"抢","qiǎng"
"抢","qiāng"
"护","hù"
"报","bào"
"抨","pēng"
"披","pī"
"抬","tái"
"抱","bào"
"抵","dǐ"
"抶","chì"
"抹","mò"
"抹","mǒ"
"押","yā"
"抽","chōu"
"抿","mǐn"
"拂","fú"
"拄","zhǔ"
"担","dàn"
"担","dān"
"拆","chāi"
"拇","mǔ"
"拉","lā"
"拊","fǔ"
"拌","bàn"
"拍","pāi"
"拏","ná"
"拐","guǎi"
"拒","jù"
"拓","tà"
"拓","tuò"
"拔","bá"
"拖","tuō"
"拗","ǎo"
"拗","niù"
"拘","jū"
"拚","pàn"
"拚","pīn"
"招","zhāo"
"拜","bài"
"拟","nǐ"
"拢","lǒng"
"拣","jiǎn"
"拥","yōng"
"拦","lán"
"拧","níng"
"拧","nìng"
"拧","nǐng"
"拨","bō"
"择","zé"
"择","zhái"
"括","kuò"
"拭","shì"
"拮","jié"
"拯","zhěng"
"拱","gǒng"
"拳","quán"
"拴","shuān"
"拶","zǎn"
"拷","kǎo"
"拼","pīn"
"拽","yè"
"拽","zhuài"
"拽","zhuāi"
"拾","shí"
"拿","ná"
"持","chí"
"挂","guà"
"指","zhǐ"
"挈","qiè"
"按","àn"
"挍","jiào"
"挐","ná"
"挑","tiǎo"
"挑","tiāo"
"挖","wā"
"挚","zhì"
"挝","zhuā"
"挞","tà"
"挟","jiā"
"挟","xié"
"挠","náo"
"挡","dàng"
"挡","dǎng"
"挣","zhèng"
"挣","zhēng"
"挤","jǐ"
"挥","huī"
"挨","ái"
"挨","āi"
"挪","nuó"
"挫","cuò"
"振","zhèn"
"挲","suō"
"挶","jú"
"挹","yì"
"挺","tǐng"
"挽","wǎn"
"捃","jùn"
"捄","jiù"
"捅","tǒng"
"捆","kǔn"
"捉","zhuō"
"捋","lǚ"
"捋","luō"
"捌","bā"
"捍","hàn"
"捎","shāo"
"捏","niē"
"捐","juān"
"捕","bǔ"
"捞","lāo"
"损","sǔn"
"换","huàn"
"捣","dǎo"
"捧","pěng"
"捩","liè"
"捭","bài"
"捭","bǎi"
"据","jù"
"据","jū"
"捱","ái"
"捶","chuí"
"捷","jié"
"捺","nà"
"捻","niǎn"
"捽","zú"
"捽","zuó"
"掀","xiān"
"掂","diān"
"授","shòu"
"掉","diào"
"掊","póu"
"掊","pǒu"
"掌","zhǎng"
"掎","jǐ"
"掏","tāo"
"掐","qiā"
"排","pái"
"排","pǎi"
"掔","qiān"
"掖","yē"
"掗","yà"
"掘","jué"
"掞","shàn"
"掠","lüè"
"探","tàn"
"掣","chè"
"掤","bīng"
"接","jiē"
"控","kòng"
"推","tuī"
"掩","yǎn"
"措","cuò"
"掫","zōu"
"掮","qián"
"掯","kèn"
"掰","bāi"
"掱","shǒu"
"掳","lǔ"
"掴","guó"
"掷","zhì"
"掸","dǎn"
"掺","chān"
"掺","shǎn"
"掼","guàn"
"掽","pèng"
"掾","yuàn"
"揄","yú"
"揅","yán"
"揆","kuí"
"揉","róu"
"揍","zòu"
"揎","xuān"
"描","miáo"
"提","dī"
"提","tí"
"插","chā"
"揕","zhèn"
"揖","yī"
"揜","yǎn"
"揠","yà"
"握","wò"
"揣","chuǎi"
"揣","chuāi"
"揥","tì"
"揩","kāi"
"揪","jiū"
"揫","jiū"
"揭","jiē"
"揰","chòng"
"揲","shé"
"援","yuán"
"揶","yé"
"揽","lǎn"
"揿","qìn"
"搀","chān"
"搁","gē"
"搂","lǒu"
"搂","lōu"
"搅","jiǎo"
"搉","què"
"搊","chōu"
"搌","zhǎn"
"搏","bó"
"搐","chù"
"搒","bèng"
"搓","cuō"
"搔","sāo"
"搘","zhī"
"搜","sōu"
"搞","gǎo"
"搠","shuò"
"搡","sǎng"
"搢","jìn"
"搤","è"
"搦","nuò"
"搧","shān"
"搨","tà"
"搪","táng"
"搬","bān"
"搭","dā"
"搰","hú"
"搴","qiān"
"搵","wèn"
"携","xié"
"搽","chá"
"搿","gé"
"摁","èn"
"摄","shè"
"摅","shū"
"摆","bǎi"
"摇","yáo"
"摈","bìn"
"摊","tān"
"摒","bìng"
"摔","shuāi"
"摘","zhāi"
"摛","chī"
"摞","luò"
"摠","zǒng"
"摦","huà"
"摧","cuī"
"摩","mó"
"摭","zhí"
"摲","shàn"
"摴","shū"
"摷","jiǎo"
"摸","mó"
"摸","mō"
"摹","mó"
"摺","zhé"
"摽","biāo"
"摽","piǎo"
"撂","liào"
"撄","yīng"
"撅","juē"
"撇","piě"
"撇","piē"
"撊","xiàn"
"撑","chēng"
"撒","sǎ"
"撒","sā"
"撕","sī"
"撙","zǔn"
"撞","zhuàng"
"撤","chè"
"撦","chě"
"撩","liáo"
"撩","liāo"
"撬","qiào"
"播","bō"
"撮","cuō"
"撰","zhuàn"
"撱","tuǒ"
"撵","niǎn"
"撷","xié"
"撺","cuān"
"撼","hàn"
"擂","léi"
"擂","lèi"
"擅","shàn"
"操","cāo"
"擎","qíng"
"擐","huàn"
"擒","qín"
"擘","bò"
"擞","sǒu"
"擢","zhuó"
"擣","dǎo"
"擤","xǐng"
"擦","cā"
"擫","yè"
"擭","huò"
"攀","pān"
"攒","cuán"
"攒","zǎn"
"攘","rǎng"
"攩","dǎng"
"攫","jué"
"支","zhī"
"收","shōu"
"改","gǎi"
"攻","gōng"
"放","fàng"
"故","gù"
"效","xiào"
"敉","mǐ"
"敌","dí"
"敏","mǐn"
"救","jiù"
"敔","yǔ"
"敕","chì"
"敖","áo"
"教","jiào"
"教","jiāo"
"敛","liǎn"
"敜","niè"
"敝","bì"
"敞","chǎng"
"敢","gǎn"
"散","sàn"
"散","sǎn"
"敦","dūn"
"敬","jìng"
"数","shù"
"数","shǔ"
"数","shuò"
"敲","qiāo"
"敳","ái"
"整","zhěng"
"敷","fū"
"敹","liáo"
"敺","qū"
"敻","xiòng"
"敿","jiǎo"
"斁","yì"
"文","wén"
"斋","zhāi"
"斌","bīn"
"斐","fěi"
"斑","bān"
"斓","lán"
"斗","dòu"
"斗","dǒu"
"料","liào"
"斛","hú"
"斜","xié"
"斝","jiǎ"
"斟","zhēn"
"斠","jiào"
"斡","wò"
"斢","tǒu"
"斤","jīn"
"斥","chì"
"斧","fǔ"
"斩","zhǎn"
"斫","zhuó"
"断","duàn"
"斯","sī"
"新","xīn"
"斲","zhuó"
"方","fāng"
"施","shī"
"斿","yóu"
"旁","páng"
"旂","qí"
"旃","zhān"
"旄","máo"
"旄","mào"
"旅","lǚ"
"旆","pèi"
"旋","xuán"
"旋","xuàn"
"旌","jīng"
"旎","nǐ"
"族","zú"
"旐","zhào"
"旒","liú"
"旖","yǐ"
"旗","qí"
"旟","yú"
"无","wú"
"既","jì"
"日","rì"
"旦","dàn"
"旧","jiù"
"旨","zhǐ"
"早","zǎo"
"旬","xún"
"旭","xù"
"旰","gàn"
"旱","hàn"
"旴","xū"
"时","shí"
"旷","kuàng"
"旺","wàng"
"昂","áng"
"昃","zè"
"昄","bǎn"
"昆","kūn"
"昉","fǎng"
"昊","hào"
"昌","chāng"
"明","míng"
"昏","hūn"
"易","yì"
"昔","xī"
"昕","xīn"
"昙","tán"
"星","xīng"
"映","yìng"
"春","chūn"
"昧","mèi"
"昨","zuó"
"昭","zhāo"
"是","shì"
"昱","yù"
"昴","mǎo"
"昵","nì"
"昶","chǎng"
"昺","bǐng"
"昼","zhòu"
"显","xiǎn"
"晁","cháo"
"晃","huàng"
"晃","huǎng"
"晋","jìn"
"晌","shǎng"
"晏","yàn"
"晒","shài"
"晓","xiǎo"
"晔","yè"
"晕","yùn"
"晕","yūn"
"晖","huī"
"晚","wǎn"
"晛","xiàn"
"晜","kūn"
"晞","xī"
"晟","shèng"
"晡","bū"
"晢","zhé"
"晤","wù"
"晦","huì"
"晨","chén"
"晬","zuì"
"普","pǔ"
"景","jǐng"
"晰","xī"
"晴","qíng"
"晶","jīng"
"晷","guǐ"
"智","zhì"
"晾","liàng"
"暂","zàn"
"暄","xuān"
"暇","xiá"
"暋","mǐn"
"暌","kuí"
"暍","hè"
"暑","shǔ"
"暔","nán"
"暖","nuǎn"
"暗","àn"
"暘","yáng"
"暝","míng"
"暧","ài"
"暨","jì"
"暮","mù"
"暲","zhāng"
"暴","bào"
"暵","hàn"
"暹","xiān"
"暾","tūn"
"曀","yì"
"曈","tóng"
"曏","xiàng"
"曚","méng"
"曛","xūn"
"曜","yào"
"曝","pù"
"曦","xī"
"曨","lóng"
"曩","nǎng"
"曰","yuē"
"曲","qǔ"
"曲","qū"
"曳","yè"
"更","gèng"
"更","gēng"
"曷","hé"
"曹","cáo"
"曼","màn"
"曾","céng"
"曾","zēng"
"替","tì"
"最","zuì"
"朅","qiè"
"月","yuè"
"有","yǒu"
"朊","ruǎn"
"朋","péng"
"服","fú"
"朏","fěi"
"朐","qú"
"朓","tiào"
"朔","shuò"
"朕","zhèn"
"朗","lǎng"
"望","wàng"
"朝","cháo"
"朝","zhāo"
"期","qī"
"朢","wàng"
"朣","tóng"
"朦","méng"
"木","mù"
"未","wèi"
"末","mò"
"本","běn"
"札","zhá"
"术","shù"
"术","zhú"
"朱","zhū"
"朴","pò"
"朵","duǒ"
"机","jī"
"朽","xiǔ"
"杀","shā"
"杂","zá"
"权","quán"
"杅","yú"
"杆","gǎn"
"杆","gān"
"杇","wū"
"杈","chà"
"杈","chā"
"杉","shā"
"杉","shān"
"杌","wù"
"李","lǐ"
"杏","xìng"
"材","cái"
"村","cūn"
"杓","biāo"
"杓","sháo"
"杕","dì"
"杗","máng"
"杙","yì"
"杜","dù"
"杝","yí"
"杞","qǐ"
"束","shù"
"杠","gàng"
"杠","gāng"
"条","tiáo"
"来","lái"
"杨","yáng"
"杪","miǎo"
"杭","háng"
"杯","bēi"
"杰","jié"
"杲","gǎo"
"杳","yǎo"
"杴","xiān"
"杵","chǔ"
"杶","chūn"
"杷","pá"
"杻","chǒu"
"杻","niǔ"
"杼","zhù"
"松","sōng"
"板","bǎn"
"极","jí"
"极","xī"
"构","gòu"
"枇","pí"
"枉","wǎng"
"枋","fāng"
"枌","fén"
"析","xī"
"枓","dǒu"
"枕","zhěn"
"林","lín"
"枘","ruì"
"枙","è"
"枚","méi"
"果","guǒ"
"枝","zhī"
"枞","cōng"
"枢","shū"
"枣","zǎo"
"枥","lì"
"枨","chéng"
"枪","qiāng"
"枫","fēng"
"枭","xiāo"
"枯","kū"
"枰","píng"
"枲","xǐ"
"枳","zhǐ"
"枵","xiāo"
"架","jià"
"枷","jiā"
"枸","gǒu"
"枸","gōu"
"枸","jǔ"
"枹","fū"
"枻","yì"
"柁","tuó"
"柂","yí"
"柃","líng"
"柄","bǐng"
"柅","nǐ"
"柈","pán"
"柎","fū"
"柏","bǎi"
"柏","bò"
"某","mǒu"
"柑","gān"
"柒","qī"
"染","rǎn"
"柔","róu"
"柘","zhè"
"柙","xiá"
"柚","yòu"
"柜","guì"
"柜","jǔ"
"柝","tuò"
"柞","zuò"
"柟","nán"
"柠","níng"
"柢","dǐ"
"柣","zhí"
"柤","zhā"
"查","chá"
"查","zhā"
"柩","jiù"
"柬","jiǎn"
"柮","duò"
"柯","kē"
"柰","nài"
"柱","zhù"
"柲","bì"
"柳","liǔ"
"柴","chái"
"柶","sì"
"柷","zhù"
"柸","pēi"
"柺","guǎi"
"柽","chēng"
"柿","shì"
"栀","zhī"
"栅","zhà"
"标","biāo"
"栈","zhàn"
"栊","lóng"
"栋","dòng"
"栌","lú"
"栎","lì"
"栏","lán"
"树","shù"
"栓","shuān"
"栔","qì"
"栖","qī"
"栖","xī"
"栗","lì"
"栝","guā"
"栟","bīng"
"校","jiào"
"校","xiào"
"栩","xǔ"
"株","zhū"
"栫","jiàn"
"栭","ér"
"栱","gǒng"
"栲","kǎo"
"栳","lǎo"
"样","yàng"
"核","hé"
"根","gēn"
"栻","shì"
"格","gé"
"栽","zāi"
"栾","luán"
"桀","jié"
"桁","héng"
"桂","guì"
"桃","táo"
"桄","guàng"
"桄","guāng"
"桅","wéi"
"框","kuàng"
"案","àn"
"桉","ān"
"桋","yí"
"桌","zhuō"
"桎","zhì"
"桐","tóng"
"桑","sāng"
"桓","huán"
"桔","jié"
"桔","jú"
"桠","yā"
"桢","zhēn"
"档","dàng"
"桥","qiáo"
"桦","huà"
"桧","guì"
"桨","jiǎng"
"桩","zhuāng"
"桫","suō"
"桭","zhēn"
"桮","bēi"
"桯","tīng"
"桴","fú"
"桶","tǒng"
"桹","láng"
"梁","liáng"
"梃","tǐng"
"梅","méi"
"梆","bāng"
"梏","gù"
"梐","bì"
"梓","zǐ"
"梗","gěng"
"梠","lǚ"
"梡","kuǎn"
"梢","shāo"
"梦","mèng"
"梧","wú"
"梨","lí"
"梩","lí"
"梭","suō"
"梯","tī"
"械","xiè"
"梲","zhuó"
"梳","shū"
"梴","chān"
"梵","fàn"
"检","jiǎn"
"棂","líng"
"棉","mián"
"棋","qí"
"棍","gùn"
"棐","fěi"
"棑","pái"
"棒","bàng"
"棕","zōng"
"棘","jí"
"棚","péng"
"棜","yù"
"棠","táng"
"棣","dì"
"棨","qǐ"
"棪","yǎn"
"棫","yù"
"森","sēn"
"棰","chuí"
"棱","léng"
"棵","kē"
"棸","zōu"
"棹","zhuō"
"棺","guān"
"棼","fén"
"椁","guǒ"
"椅","yǐ"
"椈","jú"
"椌","qiāng"
"植","zhí"
"椎","chuí"
"椎","zhuī"
"椐","jū"
"椒","jiāo"
"椓","zhuó"
"椗","dìng"
"椟","dú"
"椭","tuǒ"
"椴","duàn"
"椵","jiǎ"
"椷","jiān"
"椸","yí"
"椹","shèn"
"椽","chuán"
"椿","chún"
"椿","chūn"
"楀","yǔ"
"楂","chá"
"楂","zhā"
"楅","bì"
"楎","hún"
"楔","xiē"
"楗","jiàn"
"楘","mù"
"楙","mào"
"楚","chǔ"
"楛","hù"
"楛","kǔ"
"楝","liàn"
"楞","léng"
"楠","nán"
"楢","yóu"
"楣","méi"
"楦","xuàn"
"楩","pián"
"楫","jí"
"楬","jié"
"楮","chǔ"
"楯","shǔn"
"楰","yú"
"楷","kǎi"
"楸","qiū"
"楹","yíng"
"楼","lóu"
"概","gài"
"榄","lǎn"
"榆","yú"
"榇","chèn"
"榈","lǘ"
"榉","jǔ"
"榎","jiǎ"
"榔","láng"
"榕","róng"
"榖","gǔ"
"榛","zhēn"
"榜","bǎng"
"榠","míng"
"榡","sù"
"榤","jié"
"榥","huǎng"
"榦","gàn"
"榧","fěi"
"榨","zhà"
"榫","sǔn"
"榭","xiè"
"榱","cuī"
"榴","liú"
"榻","tà"
"榼","kè"
"榾","gǔ"
"槁","gǎo"
"槊","shuò"
"槌","chuí"
"槎","chá"
"槐","huái"
"槔","gāo"
"槛","jiàn"
"槛","kǎn"
"槟","bīn"
"槟","bīng"
"槠","zhū"
"槱","yǒu"
"槲","hú"
"槼","guī"
"槽","cáo"
"槾","mán"
"槿","jǐn"
"樊","fán"
"樏","lěi"
"樗","chū"
"樛","jiū"
"樟","zhāng"
"模","mó"
"樧","shā"
"樨","xī"
"横","héng"
"横","hèng"
"樯","qiáng"
"樱","yīng"
"樲","èr"
"樴","zhí"
"樵","qiáo"
"樽","zūn"
"樾","yuè"
"樿","zhǎn"
"橁","xún"
"橄","gǎn"
"橐","tuó"
"橘","jú"
"橙","chéng"
"橚","sù"
"橛","jué"
"橡","xiàng"
"橤","ruǐ"
"橥","zhū"
"橧","zēng"
"橱","chú"
"橹","lǔ"
"橼","yuán"
"橿","jiāng"
"檀","tán"
"檄","xí"
"檇","zuì"
"檍","yì"
"檎","qín"
"檐","yán"
"檑","léi"
"檖","suì"
"檗","bò"
"檠","qíng"
"檩","lǐn"
"檬","méng"
"檮","táo"
"檴","huò"
"櫌","yōu"
"櫜","gāo"
"櫱","niè"
"欃","chán"
"欠","qiàn"
"次","cì"
"欢","huān"
"欣","xīn"
"欤","yú"
"欧","ōu"
"欲","yù"
"欷","xī"
"欹","yī"
"欺","qī"
"欻","chuā"
"欻","hū"
"款","kuǎn"
"欿","kǎn"
"歁","kǎn"
"歃","shà"
"歆","xīn"
"歇","xiē"
"歉","qiàn"
"歊","xiāo"
"歌","gē"
"歔","xū"
"歕","pèn"
"歕","pēn"
"歙","shè"
"歛","liàn"
"歛","liǎn"
"歜","chù"
"歠","chuò"
"止","zhǐ"
"正","zhèng"
"正","zhēng"
"此","cǐ"
"步","bù"
"武","wǔ"
"歧","qí"
"歪","wāi"
"歹","dǎi"
"死","sǐ"
"歼","jiān"
"歾","mò"
"殁","mò"
"殂","cú"
"殃","yāng"
"殄","tiǎn"
"殆","dài"
"殇","shāng"
"殈","xù"
"殉","xùn"
"殊","shū"
"残","cán"
"殍","piǎo"
"殒","yǔn"
"殓","liàn"
"殖","zhí"
"殚","dān"
"殛","jí"
"殡","bìn"
"殢","tì"
"殣","jìn"
"殪","yì"
"殳","shū"
"殴","ōu"
"段","duàn"
"殷","yān"
"殷","yǐn"
"殷","yīn"
"殿","diàn"
"毁","huǐ"
"毂","gǔ"
"毂","gū"
"毅","yì"
"毈","duàn"
"毋","wú"
"母","mǔ"
"每","měi"
"毒","dú"
"毓","yù"
"比","bì"
"比","bǐ"
"毕","bì"
"毖","bì"
"毗","pí"
"毘","pí"
"毙","bì"
"毚","chán"
"毛","máo"
"毡","zhān"
"毧","róng"
"毫","háo"
"毯","tǎn"
"毳","cuì"
"毵","sān"
"毹","shū"
"毽","jiàn"
"氂","máo"
"氄","rǒng"
"氅","chǎng"
"氆","pǔ"
"氍","qú"
"氏","shì"
"氐","dǐ"
"氐","dī"
"民","mín"
"氓","máng"
"氓","méng"
"气","qì"
"氕","piē"
"氖","nǎi"
"氘","dāo"
"氙","xiān"
"氚","chuān"
"氛","fēn"
"氝","nèi"
"氟","fú"
"氡","dōng"
"氢","qīng"
"氤","yīn"
"氥","xī"
"氦","hài"
"氧","yǎng"
"氨","ān"
"氪","kè"
"氮","dàn"
"氯","lǜ"
"氲","yūn"
"水","shuǐ"
"永","yǒng"
"氽","cuān"
"氿","guǐ"
"汀","tīng"
"汁","zhī"
"求","qiú"
"汇","huì"
"汉","hàn"
"汊","chà"
"汍","wán"
"汔","qì"
"汕","shàn"
"汗","hàn"
"汛","xùn"
"汜","sì"
"汝","rǔ"
"汞","gǒng"
"江","jiāng"
"池","chí"
"污","wū"
"汤","tāng"
"汨","mì"
"汩","gǔ"
"汪","wāng"
"汭","ruì"
"汰","tài"
"汲","jí"
"汳","biàn"
"汶","wèn"
"汹","xiōng"
"汽","qì"
"汾","fén"
"沁","qìn"
"沂","yí"
"沃","wò"
"沄","yún"
"沅","yuán"
"沇","yǎn"
"沈","chén"
"沈","shěn"
"沉","chén"
"沌","dùn"
"沍","hù"
"沏","qī"
"沐","mù"
"沓","tà"
"沔","miǎn"
"沕","wù"
"沙","shā"
"沚","zhǐ"
"沛","pèi"
"沟","gōu"
"没","méi"
"没","mò"
"沣","fēng"
"沤","òu"
"沤","ōu"
"沥","lì"
"沦","lún"
"沧","cāng"
"沪","hù"
"沫","mò"
"沬","mèi"
"沮","jǔ"
"沱","tuó"
"河","hé"
"沴","lì"
"沸","fèi"
"油","yóu"
"治","zhì"
"沼","zhǎo"
"沽","gū"
"沾","zhān"
"沿","yán"
"沿","yàn"
"泂","jiǒng"
"泄","xiè"
"泅","qiú"
"泉","quán"
"泊","bó"
"泌","bì"
"泐","lè"
"泒","gū"
"泓","hóng"
"泔","gān"
"法","fǎ"
"泖","mǎo"
"泗","sì"
"泙","píng"
"泛","fàn"
"泝","sù"
"泞","nìng"
"泠","líng"
"泡","pào"
"泡","pāo"
"波","bō"
"泣","qì"
"泥","ní"
"泥","nì"
"注","zhù"
"泩","shēng"
"泪","lèi"
"泫","xuàn"
"泮","pàn"
"泯","mǐn"
"泰","tài"
"泱","yāng"
"泲","jǐ"
"泳","yǒng"
"泷","lóng"
"泷","shuāng"
"泸","lú"
"泺","luò"
"泻","xiè"
"泼","pō"
"泽","zé"
"泾","jīng"
"洁","jié"
"洄","huí"
"洊","jiàn"
"洋","yáng"
"洌","liè"
"洎","jì"
"洏","ér"
"洑","fú"
"洒","sǎ"
"洗","xǐ"
"洙","zhū"
"洚","jiàng"
"洛","luò"
"洞","dòng"
"洟","yí"
"津","jīn"
"洧","wěi"
"洪","hóng"
"洮","táo"
"洱","ěr"
"洲","zhōu"
"洴","píng"
"洵","xún"
"洸","guāng"
"洹","huán"
"洺","míng"
"活","huó"
"洼","wā"
"洽","qià"
"派","pài"
"洿","wū"
"流","liú"
"浅","qiǎn"
"浅","qiān"
"浆","jiàng"
"浆","jiāng"
"浇","jiāo"
"浊","zhuó"
"测","cè"
"浍","kuài"
"济","jì"
"浏","liú"
"浑","hún"
"浒","hǔ"
"浓","nóng"
"浔","xún"
"浙","zhè"
"浚","jùn"
"浠","xī"
"浡","bó"
"浤","hóng"
"浥","yì"
"浦","pǔ"
"浩","hào"
"浪","làng"
"浭","gēng"
"浮","fú"
"浰","lì"
"浴","yù"
"海","hǎi"
"浸","jìn"
"浼","měi"
"涂","tú"
"涅","niè"
"消","xiāo"
"涉","shè"
"涊","niǎn"
"涌","yǒng"
"涎","xián"
"涑","sù"
"涒","tūn"
"涓","juān"
"涔","cén"
"涕","tì"
"涘","sì"
"涛","tāo"
"涝","lào"
"涞","lái"
"涟","lián"
"涡","guō"
"涡","wō"
"涣","huàn"
"涤","dí"
"润","rùn"
"涧","jiàn"
"涨","zhàng"
"涨","zhǎng"
"涩","sè"
"涪","fú"
"涮","shuàn"
"涯","yá"
"液","yè"
"涴","wò"
"涵","hán"
"涸","hé"
"涿","zhuō"
"淀","diàn"
"淄","zī"
"淅","xī"
"淇","qí"
"淊","yān"
"淋","lìn"
"淌","tǎng"
"淓","fāng"
"淖","nào"
"淘","táo"
"淙","cóng"
"淝","féi"
"淞","sōng"
"淟","tiǎn"
"淠","pì"
"淡","dàn"
"淢","yù"
"淤","yū"
"淦","gàn"
"淩","líng"
"淫","yín"
"淬","cuì"
"淮","huái"
"淰","niǎn"
"深","shēn"
"淳","chún"
"混","hún"
"混","hùn"
"淹","yān"
"添","tiān"
"淼","miǎo"
"清","qīng"
"渊","yuān"
"渌","lù"
"渍","zì"
"渎","dú"
"渐","jiàn"
"渐","jiān"
"渑","shéng"
"渔","yú"
"渖","shěn"
"渗","shèn"
"渚","zhǔ"
"渝","yú"
"渟","tíng"
"渠","qú"
"渡","dù"
"渢","féng"
"渣","zhā"
"渤","bó"
"渥","wò"
"温","wēn"
"渫","xiè"
"渭","wèi"
"渮","gē"
"港","gǎng"
"渲","xuàn"
"渴","kě"
"游","yóu"
"渺","miǎo"
"渼","měi"
"湃","pài"
"湄","méi"
"湅","liàn"
"湋","wéi"
"湍","tuān"
"湎","miǎn"
"湑","xǔ"
"湓","pén"
"湔","jiān"
"湖","hú"
"湘","xiāng"
"湛","zhàn"
"湜","shí"
"湝","jiē"
"湟","huáng"
"湢","bì"
"湫","jiǎo"
"湮","yān"
"湮","yīn"
"湱","huò"
"湲","yuán"
"湾","wān"
"湿","shī"
"溃","kuì"
"溅","jiàn"
"溆","xù"
"溉","gài"
"溎","guì"
"溏","táng"
"源","yuán"
"溘","kè"
"溛","wā"
"溜","liū"
"溟","míng"
"溠","zhà"
"溢","yì"
"溤","mǎ"
"溥","pǔ"
"溧","lì"
"溪","qī"
"溪","xī"
"溯","sù"
"溱","zhēn"
"溲","sōu"
"溴","xiù"
"溶","róng"
"溷","hùn"
"溺","nì"
"溺","niào"
"溽","rù"
"溾","wēi"
"滁","chú"
"滂","pāng"
"滃","wěng"
"滇","diān"
"滉","huǎng"
"滋","zī"
"滏","fǔ"
"滑","gǔ"
"滑","huá"
"滓","zǐ"
"滔","tāo"
"滕","téng"
"滘","jiào"
"滚","gǔn"
"滞","zhì"
"滟","yàn"
"滠","shè"
"满","mǎn"
"滢","yíng"
"滤","lǜ"
"滥","làn"
"滦","luán"
"滨","bīn"
"滩","tān"
"滫","xiū"
"滮","biāo"
"滴","dī"
"滹","hū"
"漂","piào"
"漂","piǎo"
"漂","piāo"
"漆","qī"
"漈","jì"
"漉","lù"
"漊","lǚ"
"漏","lòu"
"漓","lí"
"演","yǎn"
"漕","cáo"
"漘","chún"
"漙","tuán"
"漠","mò"
"漦","lí"
"漩","xuán"
"漪","yī"
"漫","màn"
"漭","mǎng"
"漯","tà"
"漰","pēng"
"漱","shù"
"漳","zhāng"
"漶","huàn"
"漷","kuò"
"漾","yàng"
"潆","yíng"
"潇","xiāo"
"潋","liàn"
"潍","wéi"
"潏","jué"
"潗","jí"
"潘","pān"
"潚","xiāo"
"潜","qián"
"潞","lù"
"潠","xùn"
"潢","huáng"
"潦","lǎo"
"潭","tán"
"潮","cháo"
"潴","zhū"
"潸","shān"
"潺","chán"
"潼","tóng"
"潾","lín"
"澄","chéng"
"澄","dèng"
"澈","chè"
"澉","gǎn"
"澌","sī"
"澍","shù"
"澎","péng"
"澐","yún"
"澒","hòng"
"澔","hào"
"澜","lán"
"澡","zǎo"
"澣","huǎn"
"澣","wǎn"
"澥","xiè"
"澦","yù"
"澧","lǐ"
"澨","shì"
"澬","zī"
"澰","liàn"
"澳","ào"
"澴","huán"
"澶","chán"
"澹","dàn"
"澹","tán"
"澼","pì"
"激","jī"
"濂","lián"
"濆","fén"
"濇","sè"
"濉","suī"
"濊","huì"
"濑","lài"
"濒","bīn"
"濔","mǐ"
"濠","háo"
"濡","rú"
"濩","huò"
"濮","pú"
"濯","zhuó"
"濲","gǔ"
"瀁","yàng"
"瀌","biāo"
"瀍","chán"
"瀑","bào"
"瀑","pù"
"瀚","hàn"
"瀛","yíng"
"瀡","suǐ"
"瀣","xiè"
"瀳","jiàn"
"瀵","fèn"
"瀹","yuè"
"瀺","chán"
"瀼","ráng"
"灉","yōng"
"灌","guàn"
"灏","hào"
"灞","bà"
"灠","lǎn"
"灥","xún"
"火","huǒ"
"灭","miè"
"灯","dēng"
"灰","huī"
"灵","líng"
"灶","zào"
"灸","jiǔ"
"灺","xiè"
"灼","zhuó"
"灾","zāi"
"灿","càn"
"炀","yáng"
"炅","guì"
"炉","lú"
"炊","chuī"
"炎","yán"
"炒","chǎo"
"炔","quē"
"炕","kàng"
"炖","dùn"
"炘","xīn"
"炙","zhì"
"炜","wěi"
"炝","qiàng"
"炤","zhào"
"炫","xuàn"
"炬","jù"
"炭","tàn"
"炮","pào"
"炯","jiǒng"
"炰","páo"
"炱","tái"
"炳","bǐng"
"炷","zhù"
"炸","zhá"
"炸","zhà"
"点","diǎn"
"炼","liàn"
"炽","chì"
"烁","shuò"
"烂","làn"
"烃","tīng"
"烈","liè"
"烊","yáng"
"烋","xiāo"
"烓","wēi"
"烔","tóng"
"烘","hōng"
"烙","lào"
"烛","zhú"
"烜","xuǎn"
"烝","zhēng"
"烟","yān"
"烤","kǎo"
"烦","fán"
"烧","shāo"
"烨","yè"
"烩","huì"
"烫","tàng"
"烬","jìn"
"热","rè"
"烯","xī"
"烳","pǔ"
"烷","wán"
"烹","pēng"
"烺","lǎng"
"烽","fēng"
"焄","xūn"
"焉","yān"
"焊","hàn"
"焌","jùn"
"焕","huàn"
"焖","mèn"
"焘","dào"
"焙","bèi"
"焚","fén"
"焜","kūn"
"焠","cuì"
"焦","jiāo"
"焮","xìn"
"焰","yàn"
"焱","yàn"
"然","rán"
"煁","chén"
"煃","kuǐ"
"煇","huī"
"煌","huáng"
"煎","jiān"
"煐","yīng"
"煖","nuǎn"
"煚","jiǒng"
"煜","yù"
"煝","mèi"
"煞","shà"
"煞","shā"
"煟","wèi"
"煤","méi"
"照","zhào"
"煨","wēi"
"煮","zhǔ"
"煲","bāo"
"煽","shān"
"熀","huǎng"
"熅","yùn"
"熇","kǎo"
"熉","yún"
"熊","xióng"
"熏","xūn"
"熔","róng"
"熙","xī"
"熛","biāo"
"熟","shú"
"熠","yì"
"熤","yì"
"熨","yù"
"熨","yùn"
"熬","áo"
"熬","āo"
"熯","hàn"
"熲","jiǒng"
"熳","màn"
"熵","shāng"
"熸","jiān"
"熹","xī"
"熿","huáng"
"燀","chǎn"
"燂","qián"
"燃","rán"
"燊","shēn"
"燋","jiāo"
"燎","liáo"
"燏","yù"
"燔","fán"
"燕","yàn"
"燕","yān"
"燖","xún"
"燠","yù"
"燡","yì"
"燥","zào"
"燧","suì"
"燨","xī"
"燮","xiè"
"燹","xiǎn"
"燿","yào"
"爆","bào"
"爇","rè"
"爇","ruò"
"爓","yàn"
"爚","yuè"
"爝","jué"
"爟","guàn"
"爨","cuàn"
"爪","zhuǎ"
"爬","pá"
"爰","yuán"
"爱","ài"
"爵","jué"
"父","fù"
"爷","yé"
"爸","bà"
"爹","diē"
"爻","yáo"
"爽","shuǎng"
"牁","gē"
"牂","zāng"
"片","piàn"
"片","piān"
"版","bǎn"
"牋","jiān"
"牌","pái"
"牍","dú"
"牏","tóu"
"牒","dié"
"牓","bǎng"
"牖","yǒu"
"牙","yá"
"牛","niú"
"牝","pìn"
"牟","móu"
"牡","mǔ"
"牢","láo"
"牣","rèn"
"牧","mù"
"物","wù"
"牮","jiàn"
"牯","gǔ"
"牲","shēng"
"牳","mǔ"
"牵","qiān"
"牷","quán"
"牸","zì"
"特","tè"
"牺","xī"
"牼","kēng"
"牿","gù"
"犀","xī"
"犁","lí"
"犄","jī"
"犆","tè"
"犉","rún"
"犊","dú"
"犍","jiān"
"犒","kào"
"犛","lí"
"犬","quǎn"
"犯","fàn"
"犰","qiú"
"犴","àn"
"犵","qì"
"状","zhuàng"
"犹","yóu"
"犺","kàng"
"狁","yǔn"
"狂","kuáng"
"狃","niǔ"
"狄","dí"
"狆","zhòng"
"狈","bèi"
"狉","pī"
"狎","xiá"
"狐","hú"
"狒","fèi"
"狗","gǒu"
"狙","jū"
"狞","níng"
"狠","hěn"
"狡","jiǎo"
"狨","róng"
"狩","shòu"
"狫","lǎo"
"独","dú"
"狭","xiá"
"狮","shī"
"狯","kuài"
"狰","zhēng"
"狱","yù"
"狲","sūn"
"狳","yú"
"狴","bì"
"狷","juàn"
"狸","lí"
"狺","yín"
"狻","suān"
"狼","láng"
"猃","xiǎn"
"猈","bà"
"猊","ní"
"猋","biāo"
"猎","liè"
"猕","mí"
"猖","chāng"
"猗","yī"
"猘","zhì"
"猛","měng"
"猜","cāi"
"猝","cù"
"猡","luó"
"猢","hú"
"猥","wěi"
"猩","xīng"
"猪","zhū"
"猫","māo"
"猭","yuán"
"献","xiàn"
"猱","náo"
"猲","hè"
"猲","xiē"
"猴","hóu"
"猷","yóu"
"猺","yáo"
"猾","huá"
"猿","yuán"
"獀","sōu"
"獍","jìng"
"獐","zhāng"
"獒","áo"
"獗","jué"
"獙","bì"
"獚","huáng"
"獠","liáo"
"獧","juàn"
"獬","xiè"
"獭","tǎ"
"獯","xūn"
"獳","nòu"
"獾","huān"
"玁","xiǎn"
"玄","xuán"
"玅","miào"
"率","lǜ"
"率","shuài"
"玈","lú"
"玉","yù"
"王","wáng"
"玎","dīng"
"玑","jī"
"玔","chuàn"
"玕","gān"
"玖","jiǔ"
"玟","mín"
"玟","wén"
"玠","jiè"
"玢","bīn"
"玤","bàng"
"玥","yuè"
"玦","jué"
"玩","wán"
"玩","wàn"
"玫","méi"
"玮","wěi"
"环","huán"
"现","xiàn"
"玲","líng"
"玳","dài"
"玷","diàn"
"玺","xǐ"
"玻","bō"
"玼","cǐ"
"珀","pò"
"珂","kē"
"珇","zǔ"
"珈","jiā"
"珊","shān"
"珌","bì"
"珍","zhēn"
"珏","jué"
"珐","fà"
"珑","lóng"
"珓","jiào"
"珔","jiàn"
"珖","guāng"
"珙","gǒng"
"珛","xiù"
"珞","luò"
"珠","zhū"
"珣","xún"
"珥","ěr"
"珧","yáo"
"珩","héng"
"班","bān"
"珲","hún"
"珶","dì"
"珽","tǐng"
"球","qiú"
"琅","láng"
"理","lǐ"
"琇","xiù"
"琉","liú"
"琐","suǒ"
"琖","zhǎn"
"琚","jū"
"琛","chēn"
"琢","zhuó"
"琤","chēng"
"琥","hǔ"
"琦","qí"
"琨","kūn"
"琪","qí"
"琫","běng"
"琬","wǎn"
"琭","lù"
"琮","cóng"
"琯","guǎn"
"琰","yǎn"
"琱","diāo"
"琳","lín"
"琴","qín"
"琵","pí"
"琶","pá"
"琼","qióng"
"瑀","yǔ"
"瑁","mào"
"瑂","méi"
"瑄","xuān"
"瑑","zhuàn"
"瑔","quán"
"瑕","xiá"
"瑗","yuàn"
"瑙","nǎo"
"瑚","hú"
"瑛","yīng"
"瑜","yú"
"瑞","ruì"
"瑟","sè"
"瑢","róng"
"瑭","táng"
"瑰","guī"
"瑱","tiàn"
"瑱","zhèn"
"瑲","qiāng"
"瑳","cuǒ"
"瑶","yáo"
"瑷","ài"
"瑾","jǐn"
"璀","cuǐ"
"璁","cōng"
"璃","lí"
"璅","suǒ"
"璆","qiú"
"璇","xuán"
"璈","áo"
"璊","mén"
"璋","zhāng"
"璎","yīng"
"璐","lù"
"璘","lín"
"璚","jué"
"璚","qióng"
"璜","huáng"
"璞","pú"
"璟","jǐng"
"璠","fán"
"璥","jǐng"
"璧","bì"
"璨","càn"
"璩","qú"
"璪","zǎo"
"璫","dāng"
"璯","huì"
"璲","suì"
"璵","yú"
"璸","bīn"
"璿","xuán"
"瓀","ruǎn"
"瓒","zàn"
"瓖","xiāng"
"瓘","guàn"
"瓜","guā"
"瓞","dié"
"瓠","hù"
"瓢","piáo"
"瓣","bàn"
"瓤","ráng"
"瓦","wǎ"
"瓮","wèng"
"瓯","ōu"
"瓴","líng"
"瓶","píng"
"瓷","cí"
"瓻","chī"
"甀","zhuì"
"甃","zhòu"
"甄","zhēn"
"甇","yīng"
"甍","méng"
"甑","zèng"
"甒","wǔ"
"甓","pì"
"甖","yīng"
"甗","yǎn"
"甘","gān"
"甚","shèn"
"甜","tián"
"生","shēng"
"甡","shēn"
"甥","shēng"
"用","yòng"
"甩","shuǎi"
"甪","lù"
"甫","fǔ"
"甬","yǒng"
"甭","béng"
"田","tián"
"由","yóu"
"甲","jiǎ"
"申","shēn"
"电","diàn"
"男","nán"
"甸","diàn"
"町","tǐng"
"画","huà"
"甾","zāi"
"甿","méng"
"畀","bì"
"畅","chàng"
"畇","yún"
"畈","fàn"
"畋","tián"
"界","jiè"
"畎","quǎn"
"畏","wèi"
"畔","pàn"
"留","liú"
"畚","běn"
"畛","zhěn"
"畜","chù"
"畜","xù"
"畟","cè"
"畤","zhì"
"略","lüè"
"畦","qí"
"番","fān"
"番","pān"
"畯","jùn"
"畲","yú"
"畴","chóu"
"畸","jī"
"畹","wǎn"
"畽","tuǎn"
"畿","jī"
"疆","jiāng"
"疋","pǐ"
"疏","shū"
"疐","zhì"
"疑","yí"
"疔","dīng"
"疕","bǐ"
"疗","liáo"
"疘","gāng"
"疙","gē"
"疚","jiù"
"疝","shàn"
"疟","nüè"
"疟","yào"
"疠","lì"
"疡","yáng"
"疢","chèn"
"疣","yóu"
"疤","bā"
"疥","jiè"
"疫","yì"
"疮","chuāng"
"疯","fēng"
"疱","pào"
"疲","pí"
"疳","gān"
"疴","ē"
"疵","cī"
"疶","xiè"
"疸","dǎn"
"疹","zhěn"
"疼","téng"
"疽","jū"
"疾","jí"
"疿","fèi"
"痁","diàn"
"痂","jiā"
"痄","zhà"
"病","bìng"
"症","zhèng"
"症","zhēng"
"痈","yōng"
"痉","jìng"
"痊","quán"
"痌","tōng"
"痍","yí"
"痐","huí"
"痒","yǎng"
"痔","zhì"
"痕","hén"
"痗","mèi"
"痘","dòu"
"痚","xiāo"
"痛","tòng"
"痞","pǐ"
"痠","suān"
"痡","pū"
"痢","lì"
"痣","zhì"
"痤","cuó"
"痦","wù"
"痧","shā"
"痨","láo"
"痪","huàn"
"痫","xián"
"痯","guǎn"
"痰","tán"
"痱","fèi"
"痴","chī"
"痵","jì"
"痹","bì"
"痻","mín"
"痼","gù"
"痿","wěi"
"瘁","cuì"
"瘃","zhú"
"瘅","dàn"
"瘅","dān"
"瘈","jì"
"瘊","hóu"
"瘌","là"
"瘏","tú"
"瘐","yǔ"
"瘕","jiǎ"
"瘖","yīn"
"瘗","yì"
"瘝","guān"
"瘟","wēn"
"瘠","jí"
"瘢","bān"
"瘤","liú"
"瘥","chài"
"瘥","cuó"
"瘦","shòu"
"瘨","diān"
"瘩","dá"
"瘪","biě"
"瘫","tān"
"瘭","biāo"
"瘯","cù"
"瘰","luǒ"
"瘳","chōu"
"瘴","zhàng"
"瘵","zhài"
"瘸","qué"
"瘺","lòu"
"瘼","mò"
"瘾","yǐn"
"瘿","yǐng"
"癃","lóng"
"癌","ái"
"癌","yán"
"癖","pǐ"
"癙","shǔ"
"癜","diàn"
"癞","lài"
"癠","jì"
"癣","xuǎn"
"癫","diān"
"癸","guǐ"
"登","dēng"
"白","bái"
"百","bǎi"
"皂","zào"
"的","de"
"的","dí"
"的","dì"
"皆","jiē"
"皇","huáng"
"皈","guī"
"皋","gāo"
"皎","jiǎo"
"皑","ái"
"皓","hào"
"皖","wǎn"
"皙","xī"
"皜","hào"
"皤","pó"
"皦","jiǎo"
"皪","lì"
"皭","jiào"
"皮","pí"
"皱","zhòu"
"皲","jūn"
"皴","cūn"
"皽","zhǎn"
"盂","yú"
"盅","zhōng"
"盆","pén"
"盈","yíng"
"益","yì"
"盍","hé"
"盎","àng"
"盏","zhǎn"
"盐","yán"
"监","jiàn"
"监","jiān"
"盒","hé"
"盔","kuī"
"盖","gài"
"盖","gě"
"盗","dào"
"盘","pán"
"盚","qiú"
"盛","chéng"
"盛","shèng"
"盝","lù"
"盟","méng"
"盥","guàn"
"盦","ān"
"盩","zhōu"
"盬","gǔ"
"盭","lì"
"目","mù"
"盯","dīng"
"盱","xū"
"盲","máng"
"直","zhí"
"盵","qì"
"相","xiàng"
"相","xiāng"
"盹","dǔn"
"盻","xì"
"盼","pàn"
"盾","dùn"
"省","shěng"
"省","xǐng"
"眄","miǎn"
"眅","pān"
"眇","miǎo"
"眈","dān"
"眉","méi"
"眊","mào"
"看","kàn"
"看","kān"
"眕","zhěn"
"眙","yí"
"眚","shěng"
"眛","mèi"
"真","zhēn"
"眠","mián"
"眢","yuān"
"眦","zì"
"眨","zhǎ"
"眩","xuàn"
"眭","suī"
"眯","mǐ"
"眯","mī"
"眴","xuàn"
"眵","chī"
"眶","kuàng"
"眷","juàn"
"眸","móu"
"眺","tiào"
"眼","yǎn"
"着","zháo"
"着","zhuó"
"睁","zhēng"
"睅","hàn"
"睆","huǎn"
"睇","dì"
"睊","juàn"
"睍","xiàn"
"睐","lài"
"睑","jiǎn"
"睒","shǎn"
"睙","liè"
"睛","jīng"
"睟","suì"
"睠","juàn"
"睡","shuì"
"睢","suī"
"督","dū"
"睥","bì"
"睦","mù"
"睨","nì"
"睫","jié"
"睬","cǎi"
"睯","hūn"
"睹","dǔ"
"睽","kuí"
"睾","gāo"
"睿","ruì"
"瞀","mào"
"瞄","miáo"
"瞅","chǒu"
"瞋","chēn"
"瞍","sǒu"
"瞎","xiā"
"瞏","qióng"
"瞑","míng"
"瞒","mán"
"瞟","piǎo"
"瞠","chēng"
"瞥","piē"
"瞧","qiáo"
"瞩","zhǔ"
"瞪","dèng"
"瞫","shěn"
"瞬","shùn"
"瞰","kàn"
"瞳","tóng"
"瞷","jiàn"
"瞻","zhān"
"瞽","gǔ"
"瞿","jù"
"瞿","qú"
"矍","jué"
"矔","guàn"
"矗","chù"
"矙","kàn"
"矛","máo"
"矜","jīn"
"矞","yù"
"矢","shǐ"
"矣","yǐ"
"知","zhī"
"矧","shěn"
"矩","jǔ"
"矫","jiǎo"
"矬","cuó"
"短","duǎn"
"矮","ǎi"
"矰","zēng"
"矱","huò"
"石","dàn"
"石","shí"
"矶","jī"
"矻","kù"
"矼","jiāng"
"矾","fán"
"矿","kuàng"
"砀","dàng"
"码","mǎ"
"砂","shā"
"砃","dān"
"砅","lì"
"砆","fū"
"砌","qì"
"砍","kǎn"
"砑","yà"
"砒","pī"
"研","yán"
"砖","zhuān"
"砗","chē"
"砚","yàn"
"砟","zhǎ"
"砠","qū"
"砢","luǒ"
"砣","tuó"
"砥","dǐ"
"砦","zhài"
"砧","zhēn"
"砩","fèi"
"砩","fú"
"砫","zhǔ"
"砭","biān"
"砮","nǔ"
"砰","pēng"
"破","pò"
"砷","shēn"
"砸","zá"
"砺","lì"
"砻","lóng"
"砾","lì"
"础","chǔ"
"硅","guī"
"硍","kèn"
"硎","xíng"
"硒","xī"
"硕","shuò"
"硖","xiá"
"硗","qiāo"
"硜","kēng"
"硝","xiāo"
"硫","liú"
"硬","yìng"
"硭","máng"
"确","què"
"硻","kēng"
"硼","péng"
"硾","zhuì"
"碃","qìng"
"碇","dìng"
"碉","diāo"
"碌","lù"
"碍","ài"
"碎","suì"
"碏","què"
"碑","bēi"
"碓","duì"
"碔","wǔ"
"碗","wǎn"
"碘","diǎn"
"碚","bèi"
"碛","qì"
"碞","yán"
"碟","dié"
"碡","dú"
"碣","jié"
"碧","bì"
"碪","zhēn"
"碫","duàn"
"碰","pèng"
"碱","jiǎn"
"碲","dì"
"碳","tàn"
"碴","chá"
"碻","què"
"碾","niǎn"
"磁","cí"
"磅","bàng"
"磈","wěi"
"磉","sǎng"
"磊","lěi"
"磋","cuō"
"磐","pán"
"磑","wèi"
"磔","zhé"
"磕","kē"
"磛","chán"
"磟","lù"
"磠","lǔ"
"磡","kàn"
"磨","mó"
"磨","mò"
"磬","qìng"
"磲","qú"
"磴","dèng"
"磷","lín"
"磹","diàn"
"磺","huáng"
"磻","pán"
"礁","jiāo"
"礄","qiáo"
"礅","dūn"
"礞","méng"
"礧","lèi"
"礴","bó"
"示","shì"
"礼","lǐ"
"礽","réng"
"社","shè"
"礿","yuè"
"祀","sì"
"祁","qí"
"祅","yāo"
"祈","qí"
"祉","zhǐ"
"祊","bēng"
"祏","shí"
"祓","fú"
"祔","fù"
"祖","zǔ"
"祗","zhī"
"祚","zuò"
"祛","qū"
"祜","hù"
"祝","zhù"
"神","shén"
"祟","suì"
"祠","cí"
"祢","mí"
"祢","nǐ"
"祥","xiáng"
"祧","tiāo"
"票","piào"
"祫","xiá"
"祭","jì"
"祭","zhài"
"祯","zhēn"
"祲","jīn"
"祷","dǎo"
"祸","huò"
"祺","qí"
"禀","bǐng"
"禁","jìn"
"禁","jīn"
"禄","lù"
"禅","chán"
"禅","shàn"
"禊","xì"
"禋","yīn"
"福","fú"
"禔","tí"
"禕","yī"
"禖","méi"
"禘","dì"
"禚","zhuó"
"禠","sī"
"禡","mà"
"禤","xuān"
"禧","xǐ"
"禨","jī"
"禫","tǎn"
"禳","ráng"
"禴","yuè"
"禸","róu"
"禹","yǔ"
"禺","yú"
"离","lí"
"禽","qín"
"禾","hé"
"秀","xiù"
"私","sī"
"秃","tū"
"秆","gǎn"
"秉","bǐng"
"秋","qiū"
"种","zhòng"
"种","zhǒng"
"科","kē"
"秒","miǎo"
"秕","bǐ"
"秘","mì"
"租","zū"
"秠","pī"
"秣","mò"
"秤","chèng"
"秤","chěng"
"秦","qín"
"秧","yāng"
"秩","zhì"
"秫","shú"
"秬","jù"
"秭","zǐ"
"积","jī"
"称","chèn"
"称","chèng"
"称","chēng"
"秷","zhí"
"移","yí"
"秽","huì"
"稀","xī"
"稂","láng"
"稊","tí"
"程","chéng"
"稌","tú"
"稍","shāo"
"税","shuì"
"稑","lù"
"稔","rěn"
"稗","bài"
"稙","zhí"
"稚","zhì"
"稛","kǔn"
"稞","kē"
"稠","chóu"
"稣","sū"
"稳","wěn"
"稷","jì"
"稹","zhěn"
"稻","dào"
"稼","jià"
"稽","jī"
"稽","qǐ"
"稿","gǎo"
"穄","jì"
"穆","mù"
"穇","shān"
"穈","mén"
"穋","lù"
"穑","sè"
"穗","suì"
"穜","tóng"
"穟","suì"
"穠","nóng"
"穧","jì"
"穨","tuí"
"穮","biāo"
"穰","ráng"
"穴","xué"
"穵","wā"
"究","jiū"
"穷","qióng"
"穹","qióng"
"空","kòng"
"空","kōng"
"穿","chuān"
"窀","zhūn"
"突","tū"
"窃","qiè"
"窄","zhǎi"
"窅","yǎo"
"窆","biǎn"
"窈","yǎo"
"窊","wā"
"窋","zhú"
"窌","jiào"
"窍","qiào"
"窑","yáo"
"窒","zhì"
"窔","yǎo"
"窕","tiǎo"
"窖","jiào"
"窗","chuāng"
"窘","jiǒng"
"窜","cuàn"
"窝","wō"
"窞","dàn"
"窟","kū"
"窠","kē"
"窣","sù"
"窥","kuī"
"窦","dòu"
"窨","xūn"
"窨","yìn"
"窬","yú"
"窭","jù"
"窳","yǔ"
"窴","tián"
"窵","diào"
"窸","xī"
"窾","kuǎn"
"窿","lóng"
"竁","cuì"
"立","lì"
"竑","hóng"
"竖","shù"
"站","zhàn"
"竞","jìng"
"竟","jìng"
"章","zhāng"
"竣","jùn"
"童","tóng"
"竦","sǒng"
"竭","jié"
"端","duān"
"竹","zhú"
"竺","zhú"
"竽","yú"
"竿","gān"
"笃","dǔ"
"笄","jī"
"笆","bā"
"笈","jí"
"笊","zhào"
"笋","sǔn"
"笎","yuán"
"笏","hù"
"笑","xiào"
"笔","bǐ"
"笕","jiǎn"
"笙","shēng"
"笛","dí"
"笞","chī"
"笠","lì"
"笤","tiáo"
"笥","sì"
"符","fú"
"笨","bèn"
"笪","dá"
"笫","zǐ"
"第","dì"
"笮","zé"
"笰","fú"
"笱","gǒu"
"笲","fán"
"笳","jiā"
"笵","fàn"
"笸","pǒ"
"笺","jiān"
"笼","lóng"
"笾","biān"
"筅","xiǎn"
"筇","qióng"
"等","děng"
"筊","jiǎo"
"筋","jīn"
"筌","quán"
"筎","rú"
"筏","fá"
"筐","kuāng"
"筑","zhú"
"筒","tǒng"
"答","dá"
"答","dā"
"策","cè"
"筘","kòu"
"筚","bì"
"筛","shāi"
"筝","zhēng"
"筠","yún"
"筤","láng"
"筥","jǔ"
"筦","guǎn"
"筩","tǒng"
"筭","suàn"
"筮","shì"
"筱","xiǎo"
"筲","shāo"
"筳","tíng"
"筵","yán"
"筷","kuài"
"筹","chóu"
"签","qiān"
"简","jiǎn"
"箂","lái"
"箊","yū"
"箍","gū"
"箎","chí"
"箑","shà"
"箔","bó"
"箕","jī"
"算","suàn"
"箘","jùn"
"箙","fú"
"箛","gū"
"箝","qián"
"箠","chuí"
"管","guǎn"
"箧","qiè"
"箨","tuò"
"箩","luó"
"箪","dān"
"箫","xiāo"
"箬","ruò"
"箭","jiàn"
"箯","biān"
"箱","xiāng"
"箴","zhēn"
"箸","zhù"
"箾","shuò"
"篁","huáng"
"篆","zhuàn"
"篇","piān"
"篌","hóu"
"篑","kuì"
"篓","lǒu"
"篔","yún"
"篘","chōu"
"篙","gāo"
"篚","fěi"
"篜","zhēng"
"篝","gōu"
"篟","qiàn"
"篠","xiǎo"
"篡","cuàn"
"篢","gōng"
"篥","lì"
"篦","bì"
"篧","zhuó"
"篨","chú"
"篪","chí"
"篮","lán"
"篰","bù"
"篱","lí"
"篲","huì"
"篴","dí"
"篷","péng"
"篹","zhuàn"
"篾","miè"
"簃","yí"
"簆","kòu"
"簇","cù"
"簋","guǐ"
"簌","sù"
"簏","lù"
"簑","suō"
"簖","duàn"
"簜","dàng"
"簟","diàn"
"簠","fǔ"
"簥","jiāo"
"簦","dēng"
"簧","huáng"
"簨","sǔn"
"簪","zān"
"簬","lù"
"簰","pái"
"簸","bò"
"簸","bǒ"
"簹","dāng"
"簻","kē"
"簿","bù"
"籀","zhòu"
"籁","lài"
"籊","tì"
"籍","jí"
"籓","fān"
"籔","sǒu"
"籙","lù"
"籛","jiān"
"籣","lán"
"籧","qú"
"籫","zuǎn"
"籯","yíng"
"米","mǐ"
"籴","dí"
"籸","shēn"
"籹","nǚ"
"类","lèi"
"籼","xiān"
"籽","zǐ"
"粁","qiān"
"粉","fěn"
"粑","bā"
"粒","lì"
"粕","pò"
"粗","cū"
"粘","nián"
"粘","zhān"
"粜","tiào"
"粝","lì"
"粞","xī"
"粟","sù"
"粢","zī"
"粤","yuè"
"粥","zhōu"
"粨","bǎi"
"粪","fèn"
"粮","liáng"
"粱","liáng"
"粲","càn"
"粹","cuì"
"粺","bài"
"粻","zhāng"
"粼","lín"
"粽","zòng"
"精","jīng"
"粿","guǒ"
"糁","sǎn"
"糈","xǔ"
"糊","hú"
"糊","hù"
"糔","xiǔ"
"糕","gāo"
"糖","táng"
"糗","qiǔ"
"糙","cāo"
"糜","mí"
"糟","zāo"
"糠","kāng"
"糯","nuò"
"糸","mì"
"系","xì"
"紃","xún"
"紊","wèn"
"紑","fóu"
"紘","hóng"
"紝","rèn"
"紞","dǎn"
"素","sù"
"索","suǒ"
"紧","jǐn"
"紩","zhì"
"紫","zǐ"
"紬","chóu"
"累","léi"
"累","lèi"
"累","lěi"
"紵","zhù"
"紽","tuó"
"紾","zhěn"
"絅","jiǒng"
"絏","xiè"
"絓","guà"
"絖","kuàng"
"絜","jié"
"絜","xié"
"絪","yīn"
"絮","xù"
"絰","dié"
"絷","zhí"
"絺","chī"
"絻","miǎn"
"絿","qiú"
"綅","qīn"
"綌","xì"
"綍","fú"
"綎","tīng"
"綖","yán"
"綦","qí"
"綪","qiàn"
"綮","qǐ"
"綯","táo"
"緅","zōu"
"緌","ruí"
"緎","yù"
"縃","xū"
"縏","pán"
"縕","yùn"
"縕","yūn"
"縗","cuī"
"縚","tāo"
"縠","hú"
"縢","téng"
"縳","zhuàn"
"縻","mí"
"縿","shān"
"繁","fán"
"繄","yī"
"繇","yáo"
"繇","yóu"
"繇","zhòu"
"繈","qiǎng"
"繖","sǎn"
"繘","yù"
"繙","fān"
"繠","ruǐ"
"繸","suì"
"繻","xū"
"纁","xūn"
"纂","zuǎn"
"纆","mò"
"纇","lèi"
"纑","lú"
"纔","cái"
"纕","xiāng"
"纙","luò"
"纛","dào"
"纠","jiū"
"纡","yū"
"红","hóng"
"纣","zhòu"
"纤","qiàn"
"纤","xiān"
"纥","gē"
"纥","hé"
"约","yāo"
"约","yuē"
"级","jí"
"纨","wán"
"纩","kuàng"
"纪","jì"
"纫","rèn"
"纬","wěi"
"纭","yún"
"纯","chún"
"纰","pī"
"纱","shā"
"纲","gāng"
"纳","nà"
"纵","zòng"
"纵","zōng"
"纶","lún"
"纷","fēn"
"纸","zhǐ"
"纹","wén"
"纺","fǎng"
"纽","niǔ"
"纾","shū"
"线","xiàn"
"绀","gàn"
"绁","xiè"
"绂","fú"
"练","liàn"
"组","zǔ"
"绅","shēn"
"细","xì"
"织","zhī"
"终","zhōng"
"绉","zhòu"
"绊","bàn"
"绋","fú"
"绌","chù"
"绍","shào"
"绎","yì"
"经","jīng"
"绐","dài"
"绑","bǎng"
"绒","róng"
"结","jiē"
"绕","rào"
"绘","huì"
"给","gěi"
"给","jǐ"
"绚","xuàn"
"绛","jiàng"
"络","lào"
"络","luò"
"绝","jué"
"绞","jiǎo"
"统","tǒng"
"绠","gěng"
"绡","xiāo"
"绢","juàn"
"绣","xiù"
"绥","suí"
"绦","tāo"
"继","jì"
"绨","tí"
"绩","jī"
"绪","xù"
"绫","líng"
"续","xù"
"绮","qǐ"
"绯","fēi"
"绰","chuò"
"绲","gǔn"
"绳","shéng"
"维","wéi"
"绵","mián"
"绶","shòu"
"绷","běng"
"绷","bēng"
"绸","chóu"
"绺","liǔ"
"绻","quǎn"
"综","zōng"
"绽","zhàn"
"绾","wǎn"
"绿","lǜ"
"缁","zī"
"缂","kè"
"缃","xiāng"
"缄","jiān"
"缅","miǎn"
"缇","tí"
"缈","miǎo"
"缉","qī"
"缋","huì"
"缌","sī"
"缎","duàn"
"缏","biàn"
"缑","gōu"
"缒","zhuì"
"缓","huǎn"
"缔","dì"
"缕","lǚ"
"编","biān"
"缗","mín"
"缘","yuán"
"缙","jìn"
"缛","rù"
"缜","zhěn"
"缝","féng"
"缝","fèng"
"缟","gǎo"
"缠","chán"
"缡","lí"
"缢","yì"
"缣","jiān"
"缤","bīn"
"缥","piǎo"
"缦","màn"
"缧","léi"
"缨","yīng"
"缩","suō"
"缪","miào"
"缪","móu"
"缫","sāo"
"缬","xié"
"缭","liáo"
"缮","shàn"
"缯","zèng"
"缯","zēng"
"缰","jiāng"
"缱","qiǎn"
"缳","huán"
"缴","jiǎo"
"缵","zuǎn"
"缶","fǒu"
"缸","gāng"
"缺","quē"
"缾","píng"
"罂","yīng"
"罃","yīng"
"罄","qìng"
"罅","xià"
"罋","wèng"
"罍","léi"
"罏","lú"
"罐","guàn"
"网","wǎng"
"罔","wǎng"
"罕","hǎn"
"罗","luó"
"罗","luō"
"罘","fú"
"罚","fá"
"罛","gū"
"罝","jū"
"罟","gǔ"
"罡","gāng"
"罢","ba"
"罢","bà"
"罣","guà"
"罦","fú"
"罨","yǎn"
"罩","zhào"
"罪","zuì"
"罫","guà"
"罭","yù"
"置","zhì"
"署","shǔ"
"罳","sī"
"罴","pí"
"罶","liǔ"
"罹","lí"
"罻","wèi"
"罽","jì"
"罾","zēng"
"罿","tóng"
"羁","jī"
"羃","mì"
"羇","jī"
"羊","yáng"
"羌","qiāng"
"美","měi"
"羑","yǒu"
"羔","gāo"
"羖","gǔ"
"羚","líng"
"羜","zhù"
"羝","dī"
"羞","xiū"
"羟","qiǎng"
"羡","xiàn"
"羢","róng"
"群","qún"
"羧","suō"
"羭","yú"
"羯","jié"
"羰","tāng"
"羱","yuán"
"羲","xī"
"羸","léi"
"羹","gēng"
"羼","chàn"
"羽","yǔ"
"羿","yì"
"翀","chōng"
"翁","wēng"
"翃","hóng"
"翅","chì"
"翊","yì"
"翌","yì"
"翎","líng"
"翔","xiáng"
"翘","qiáo"
"翛","shù"
"翟","dí"
"翟","zhái"
"翠","cuì"
"翡","fěi"
"翣","shà"
"翥","zhù"
"翦","jiǎn"
"翩","piān"
"翪","zōng"
"翫","wàn"
"翬","huī"
"翮","hé"
"翯","hè"
"翰","hàn"
"翱","áo"
"翳","yì"
"翻","fān"
"翼","yì"
"翽","huì"
"翾","xuān"
"翿","dào"
"耀","yào"
"老","lǎo"
"考","kǎo"
"耄","mào"
"者","zhě"
"耆","qí"
"而","ér"
"耍","shuǎ"
"耎","ruǎn"
"耏","ér"
"耐","nài"
"耒","lěi"
"耔","zǐ"
"耕","gēng"
"耗","hào"
"耘","yún"
"耙","bà"
"耙","pá"
"耜","sì"
"耞","jiā"
"耦","ǒu"
"耧","lóu"
"耨","nòu"
"耩","jiǎng"
"耪","pǎng"
"耰","yōu"
"耳","ěr"
"耶","yē"
"耸","sǒng"
"耻","chǐ"
"耽","dān"
"耿","gěng"
"聂","niè"
"聃","dān"
"聆","líng"
"聊","liáo"
"聋","lóng"
"职","zhí"
"联","lián"
"聘","pìn"
"聚","jù"
"聝","guó"
"聩","kuì"
"聪","cōng"
"聱","áo"
"聿","yù"
"肃","sù"
"肄","yì"
"肆","sì"
"肇","zhào"
"肉","ròu"
"肋","lèi"
"肌","jī"
"肓","huāng"
"肖","xiào"
"肘","zhǒu"
"肚","dù"
"肚","dǔ"
"肛","gāng"
"肜","róng"
"肝","gān"
"肠","cháng"
"股","gǔ"
"肢","zhī"
"肤","fū"
"肥","féi"
"肩","jiān"
"肪","fáng"
"肫","zhūn"
"肭","nà"
"肮","āng"
"肯","kěn"
"肱","gōng"
"育","yù"
"肴","yáo"
"肸","xì"
"肺","fèi"
"肾","shèn"
"肿","zhǒng"
"胀","zhàng"
"胁","xié"
"胂","shèn"
"胃","wèi"
"胄","zhòu"
"胆","dǎn"
"背","bèi"
"背","bēi"
"胍","guā"
"胎","tāi"
"胏","zǐ"
"胖","pàng"
"胗","zhēn"
"胙","zuò"
"胚","pēi"
"胛","jiǎ"
"胜","shèng"
"胜","shēng"
"胝","zhī"
"胞","bāo"
"胠","qū"
"胡","hú"
"胤","yìn"
"胥","xū"
"胧","lóng"
"胪","lú"
"胫","jìng"
"胭","yān"
"胯","kuà"
"胰","yí"
"胱","guāng"
"胲","hǎi"
"胳","gē"
"胴","dòng"
"胶","jiāo"
"胸","xiōng"
"胹","ér"
"胺","àn"
"胼","pián"
"能","néng"
"胾","zì"
"脂","zhī"
"脆","cuì"
"脉","mài"
"脊","jí"
"脊","jǐ"
"脍","kuài"
"脏","zàng"
"脏","zāng"
"脐","qí"
"脑","nǎo"
"脓","nóng"
"脔","luán"
"脖","bó"
"脚","jiǎo"
"脚","jué"
"脝","hēng"
"脞","cuǒ"
"脡","tǐng"
"脢","méi"
"脤","shèn"
"脥","qiǎn"
"脧","juān"
"脬","pāo"
"脯","fǔ"
"脯","pú"
"脰","dòu"
"脱","tuō"
"脸","liǎn"
"脾","pí"
"腆","miǎn"
"腆","tiǎn"
"腊","là"
"腋","yè"
"腌","yān"
"腍","rěn"
"腐","fǔ"
"腑","fǔ"
"腒","jū"
"腓","féi"
"腔","qiāng"
"腕","wàn"
"腠","còu"
"腥","xīng"
"腮","sāi"
"腯","tú"
"腰","yāo"
"腱","jiàn"
"腴","yú"
"腶","duàn"
"腹","fù"
"腺","xiàn"
"腻","nì"
"腽","wà"
"腾","téng"
"腿","tuǐ"
"膀","bàng"
"膀","bǎng"
"膀","páng"
"膀","pāng"
"膂","lǚ"
"膇","zhuì"
"膈","gé"
"膊","bó"
"膋","liáo"
"膏","gāo"
"膑","bìn"
"膘","biāo"
"膙","jiǎng"
"膛","táng"
"膝","xī"
"膟","lǜ"
"膦","lìn"
"膨","péng"
"膰","fán"
"膳","shàn"
"膴","hū"
"膵","cuì"
"膷","xiāng"
"膺","yīng"
"膻","shān"
"臀","tún"
"臂","bì"
"臄","jué"
"臆","yì"
"臊","sào"
"臊","sāo"
"臌","gǔ"
"臐","xūn"
"臙","yān"
"臛","huò"
"臝","luǒ"
"臣","chén"
"臧","zāng"
"自","zì"
"臬","niè"
"臭","chòu"
"臭","xiù"
"臲","niè"
"至","zhì"
"致","zhì"
"臻","zhēn"
"臼","jiù"
"臾","yú"
"舀","yǎo"
"舁","yú"
"舂","chōng"
"舄","xì"
"舅","jiù"
"舆","yú"
"舌","shé"
"舍","shè"
"舍","shě"
"舐","shì"
"舒","shū"
"舔","tiǎn"
"舛","chuǎn"
"舜","shùn"
"舞","wǔ"
"舟","zhōu"
"舠","dāo"
"舢","shān"
"舣","yǐ"
"舨","bǎn"
"航","háng"
"舫","fǎng"
"般","bān"
"舰","jiàn"
"舱","cāng"
"舲","líng"
"舳","zhú"
"舴","zé"
"舵","duò"
"舶","bó"
"舷","xián"
"舸","gě"
"船","chuán"
"舺","xiá"
"舻","lú"
"艄","shāo"
"艇","tǐng"
"艋","měng"
"艎","huáng"
"艑","biàn"
"艗","yì"
"艘","sāo"
"艘","sōu"
"艚","cáo"
"艣","lǔ"
"艨","méng"
"艬","chán"
"艭","shuāng"
"艮","gèn"
"良","liáng"
"艰","jiān"
"色","sè"
"色","shǎi"
"艳","yàn"
"艴","fú"
"艸","cǎo"
"艺","yì"
"艾","ài"
"节","jié"
"芃","péng"
"芄","wán"
"芈","mǐ"
"芊","qiān"
"芋","yù"
"芍","sháo"
"芑","qǐ"
"芒","máng"
"芗","xiāng"
"芘","pí"
"芙","fú"
"芜","wú"
"芝","zhī"
"芟","shān"
"芡","qiàn"
"芣","fóu"
"芤","kōu"
"芥","jiè"
"芦","lú"
"芧","xù"
"芩","qín"
"芫","yuán"
"芬","fēn"
"芭","bā"
"芮","ruì"
"芯","xīn"
"芰","jì"
"花","huā"
"芳","fāng"
"芴","wù"
"芷","zhǐ"
"芸","yún"
"芹","qín"
"芼","mào"
"芽","yá"
"芾","fèi"
"芾","fú"
"苁","cōng"
"苇","wěi"
"苈","lì"
"苋","xiàn"
"苌","cháng"
"苍","cāng"
"苎","zhù"
"苏","sū"
"苑","yuàn"
"苒","rǎn"
"苓","líng"
"苔","tái"
"苔","tāi"
"苕","tiáo"
"苗","miáo"
"苙","lì"
"苛","kē"
"苜","mù"
"苞","bāo"
"苟","gǒu"
"苠","mín"
"苡","yǐ"
"苣","jù"
"苤","piě"
"若","ruò"
"苦","kǔ"
"苫","shān"
"苯","běn"
"英","yīng"
"苳","dōng"
"苴","jū"
"苹","pín"
"苹","píng"
"苺","méi"
"苻","fú"
"苾","bì"
"茀","fú"
"茁","zhuó"
"茂","mào"
"范","fàn"
"茄","qié"
"茅","máo"
"茇","bá"
"茈","cí"
"茈","zǐ"
"茉","mò"
"茌","chí"
"茍","gǒu"
"茎","jīng"
"茏","lóng"
"茑","niǎo"
"茔","yíng"
"茕","qióng"
"茗","míng"
"茛","gèn"
"茜","qiàn"
"茢","liè"
"茥","guī"
"茦","cè"
"茧","jiǎn"
"茨","cí"
"茫","máng"
"茭","jiāo"
"茯","fú"
"茱","zhū"
"茳","jiāng"
"茴","huí"
"茵","yīn"
"茶","chá"
"茷","fá"
"茸","róng"
"茹","rú"
"茼","tóng"
"荀","xún"
"荁","huán"
"荃","quán"
"荄","gāi"
"荅","dá"
"荅","dā"
"荆","jīng"
"荇","xìng"
"荈","chuǎn"
"草","cǎo"
"荏","rěn"
"荐","jiàn"
"荑","tí"
"荑","yí"
"荒","huāng"
"荔","lì"
"荚","jiá"
"荛","ráo"
"荜","bì"
"荞","qiáo"
"荟","huì"
"荠","jì"
"荠","qí"
"荡","dàng"
"荣","róng"
"荤","hūn"
"荥","xíng"
"荦","luò"
"荧","yíng"
"荩","jìn"
"荪","sūn"
"荫","yìn"
"药","yào"
"荵","rěn"
"荷","hé"
"荷","hè"
"荸","bí"
"荻","dí"
"荼","tú"
"荽","suī"
"莅","lì"
"莆","pú"
"莉","lì"
"莎","shā"
"莎","suō"
"莒","jǔ"
"莓","méi"
"莔","méng"
"莕","xìng"
"莘","shēn"
"莘","xīn"
"莛","tíng"
"莞","guǎn"
"莞","guān"
"莞","wǎn"
"莠","yǒu"
"莦","shāo"
"莨","làng"
"莩","fú"
"莩","piǎo"
"莪","é"
"莫","mò"
"莰","kǎn"
"莱","lái"
"莲","lián"
"莳","shí"
"莴","wō"
"获","huò"
"莸","yóu"
"莹","yíng"
"莺","xué"
"莺","yīng"
"莽","mǎng"
"莿","cì"
"菀","wǎn"
"菁","jīng"
"菅","jiān"
"菆","zōu"
"菇","gū"
"菉","lù"
"菊","jú"
"菌","jùn"
"菌","jūn"
"菑","zī"
"菔","fú"
"菖","chāng"
"菘","sōng"
"菜","cài"
"菝","bá"
"菟","tù"
"菠","bō"
"菡","hàn"
"菢","bào"
"菣","qìn"
"菧","dǐ"
"菩","pú"
"菪","dàng"
"菰","gū"
"菱","líng"
"菲","fēi"
"菴","ān"
"菶","běng"
"菸","yān"
"菺","jiān"
"菻","lǐn"
"菼","tǎn"
"菾","tián"
"萁","qí"
"萃","cuì"
"萄","táo"
"萆","bì"
"萋","qī"
"萌","méng"
"萍","píng"
"萎","wěi"
"萎","wēi"
"萏","dàn"
"萐","shà"
"萑","huán"
"萝","luó"
"萤","yíng"
"营","yíng"
"萦","yíng"
"萧","xiāo"
"萨","sà"
"萩","qiū"
"萱","xuān"
"萴","zé"
"萸","yú"
"萻","ān"
"萼","è"
"落","là"
"落","lào"
"落","luò"
"葄","zuò"
"葆","bǎo"
"葇","róu"
"葍","fú"
"葎","lǜ"
"葑","fēng"
"葖","tú"
"著","zháo"
"著","zhāo"
"著","zhe"
"著","zhù"
"著","zhuó"
"葙","xiāng"
"葚","rèn"
"葚","shèn"
"葛","gé"
"葛","gě"
"葠","shēn"
"葡","pú"
"董","dǒng"
"葥","qián"
"葧","bó"
"葩","pā"
"葫","hú"
"葬","zàng"
"葭","jiā"
"葱","cōng"
"葳","wēi"
"葴","zhēn"
"葵","kuí"
"葶","tíng"
"葸","xǐ"
"葹","shī"
"葺","qì"
"葽","yāo"
"蒂","dì"
"蒇","chǎn"
"蒉","kuì"
"蒋","jiǎng"
"蒌","lóu"
"蒎","pài"
"蒐","sōu"
"蒗","làng"
"蒙","méng"
"蒙","mēng"
"蒜","suàn"
"蒟","jǔ"
"蒡","bàng"
"蒢","chú"
"蒨","qiàn"
"蒯","kuǎi"
"蒱","pú"
"蒲","pú"
"蒴","shuò"
"蒸","zhēng"
"蒹","jiān"
"蒺","jí"
"蒻","ruò"
"蒿","hāo"
"蓄","xù"
"蓇","gǔ"
"蓉","róng"
"蓊","wěng"
"蓌","cuò"
"蓍","shī"
"蓏","luǒ"
"蓐","rù"
"蓑","suō"
"蓓","bèi"
"蓖","bì"
"蓝","lan"
"蓝","lán"
"蓟","jì"
"蓠","lí"
"蓣","yù"
"蓦","mò"
"蓧","diào"
"蓪","tōng"
"蓫","zhú"
"蓬","péng"
"蓰","xǐ"
"蓴","chún"
"蓷","tuī"
"蓺","yì"
"蓼","liǎo"
"蓼","lù"
"蔀","bù"
"蔂","luó"
"蔆","líng"
"蔉","gǔn"
"蔊","hǎn"
"蔋","dí"
"蔌","sù"
"蔎","shè"
"蔑","miè"
"蔓","mán"
"蔓","màn"
"蔕","dì"
"蔗","zhè"
"蔙","xuàn"
"蔚","wèi"
"蔚","yù"
"蔟","cù"
"蔡","cài"
"蔫","niān"
"蔬","shū"
"蔷","qiáng"
"蔺","lìn"
"蔼","ǎi"
"蔽","bì"
"蔾","lí"
"蕃","fán"
"蕈","xùn"
"蕉","jiāo"
"蕊","ruǐ"
"蕍","yú"
"蕑","jiān"
"蕖","qú"
"蕗","lù"
"蕙","huì"
"蕝","jué"
"蕞","zuì"
"蕡","fén"
"蕣","shùn"
"蕤","ruí"
"蕨","jué"
"蕲","qí"
"蕴","yùn"
"蕸","xiá"
"蕺","jí"
"蕻","hòng"
"蕾","lěi"
"薀","yùn"
"薁","yù"
"薃","hào"
"薄","bó"
"薄","bò"
"薅","hāo"
"薉","wèi"
"薏","yì"
"薐","léng"
"薖","kē"
"薛","xuē"
"薜","bì"
"薤","xiè"
"薨","hōng"
"薪","xīn"
"薮","sǒu"
"薯","shǔ"
"薰","xūn"
"薳","wěi"
"薷","rú"
"薹","tái"
"薽","zhēn"
"薿","nǐ"
"藄","qí"
"藇","xù"
"藉","jí"
"藉","jiè"
"藋","diào"
"藏","cáng"
"藏","zàng"
"藐","miǎo"
"藓","xiǎn"
"藕","ǒu"
"藘","lǘ"
"藙","yì"
"藚","xù"
"藜","lí"
"藟","lěi"
"藤","téng"
"藦","mó"
"藨","biāo"
"藷","shǔ"
"藻","zǎo"
"藾","lài"
"藿","huò"
"蘀","tuò"
"蘅","héng"
"蘑","mó"
"蘖","niè"
"蘧","qú"
"蘩","fán"
"蘵","zhí"
"蘸","zhàn"
"蘼","mí"
"虀","jī"
"虆","léi"
"虍","hū"
"虎","hǔ"
"虏","lǔ"
"虐","nüè"
"虑","lǜ"
"虒","sī"
"虓","xiāo"
"虔","qián"
"虖","hū"
"虚","xū"
"虞","yú"
"虡","jù"
"虢","guó"
"虣","bào"
"虥","zhàn"
"虩","xì"
"虫","chóng"
"虬","qiú"
"虮","jǐ"
"虱","shī"
"虹","hóng"
"虹","hòng"
"虺","huǐ"
"虺","huī"
"虻","méng"
"虼","gè"
"虽","suī"
"虾","há"
"虾","xiā"
"虿","chài"
"蚀","shí"
"蚁","yǐ"
"蚂","mà"
"蚂","mǎ"
"蚂","mā"
"蚊","wén"
"蚋","ruì"
"蚌","bàng"
"蚓","yǐn"
"蚔","qí"
"蚕","cán"
"蚜","yá"
"蚝","háo"
"蚡","fén"
"蚣","gōng"
"蚤","zǎo"
"蚧","jiè"
"蚨","fú"
"蚩","chī"
"蚪","dǒu"
"蚬","xiǎn"
"蚯","qiū"
"蚰","yóu"
"蚱","zhà"
"蚳","chí"
"蚴","yòu"
"蚵","é"
"蚶","hān"
"蚹","fù"
"蚻","zhá"
"蛀","zhù"
"蛁","diāo"
"蛄","gū"
"蛆","qū"
"蛇","shé"
"蛉","líng"
"蛊","gǔ"
"蛋","dàn"
"蛎","lì"
"蛏","chēng"
"蛐","qū"
"蛑","móu"
"蛓","cì"
"蛔","huí"
"蛙","wā"
"蛚","liè"
"蛛","zhū"
"蛜","yī"
"蛟","jiāo"
"蛣","jié"
"蛤","gé"
"蛤","há"
"蛩","qióng"
"蛭","zhì"
"蛮","mán"
"蛰","zhé"
"蛰","zhí"
"蛱","jiá"
"蛳","sī"
"蛴","qí"
"蛵","xīng"
"蛸","shāo"
"蛸","xiāo"
"蛹","yǒng"
"蛾","é"
"蜀","shǔ"
"蜂","fēng"
"蜃","shèn"
"蜅","fǔ"
"蜇","zhé"
"蜇","zhē"
"蜈","wú"
"蜉","fú"
"蜊","lí"
"蜋","láng"
"蜍","chú"
"蜎","yuān"
"蜑","dàn"
"蜒","yán"
"蜓","tíng"
"蜕","tuì"
"蜘","zhī"
"蜚","fěi"
"蜛","jū"
"蜜","mì"
"蜞","qí"
"蜡","là"
"蜢","měng"
"蜣","qiāng"
"蜥","xī"
"蜨","dié"
"蜩","tiáo"
"蜮","yù"
"蜱","pí"
"蜴","yì"
"蜷","quán"
"蜺","ní"
"蜻","qīng"
"蜾","guǒ"
"蜿","wān"
"蝀","dōng"
"蝃","dì"
"蝇","yíng"
"蝈","guō"
"蝉","chán"
"蝌","kē"
"蝎","xiē"
"蝏","tíng"
"蝓","yú"
"蝗","huáng"
"蝘","yǎn"
"蝙","biān"
"蝝","yuán"
"蝠","fú"
"蝡","ruǎn"
"蝣","yóu"
"蝤","qiú"
"蝥","máo"
"蝮","fù"
"蝯","yuán"
"蝴","hú"
"蝶","dié"
"蝻","nǎn"
"蝼","lóu"
"蝾","róng"
"螂","láng"
"螃","páng"
"螅","xī"
"螈","yuán"
"螉","wēng"
"融","róng"
"螒","hàn"
"螓","qín"
"螗","táng"
"螘","yǐ"
"螚","nài"
"螟","míng"
"螣","téng"
"螫","shì"
"螫","zhē"
"螬","cáo"
"螭","chī"
"螮","dì"
"螯","áo"
"螳","táng"
"螵","piāo"
"螺","luó"
"螽","zhōng"
"螿","jiāng"
"蟀","shuài"
"蟆","ma"
"蟆","má"
"蟊","máo"
"蟋","xī"
"蟑","zhāng"
"蟒","mǎng"
"蟛","péng"
"蟜","jiǎo"
"蟠","pán"
"蟢","xǐ"
"蟥","huáng"
"蟪","huì"
"蟭","jiāo"
"蟹","xiè"
"蟾","chán"
"蟿","qì"
"蠁","xiàng"
"蠂","shè"
"蠃","luǒ"
"蠊","lián"
"蠓","měng"
"蠕","rú"
"蠖","huò"
"蠗","zhuó"
"蠙","bīn"
"蠛","miè"
"蠜","fán"
"蠡","lí"
"蠡","lǐ"
"蠢","chǔn"
"蠨","xiāo"
"蠮","yē"
"蠰","shàng"
"蠲","juān"
"蠸","quán"
"蠹","dù"
"血","xiě"
"血","xuè"
"衁","huāng"
"衄","nǜ"
"衅","xìn"
"行","háng"
"行","xíng"
"行","xìng"
"衍","yǎn"
"衎","kàn"
"衔","xián"
"衕","tòng"
"衖","lòng"
"街","jiē"
"衙","yá"
"衚","hú"
"衡","héng"
"衢","qú"
"衣","yì"
"衣","yī"
"补","bǔ"
"表","biǎo"
"衩","chà"
"衩","chǎ"
"衫","shān"
"衬","chèn"
"衮","gǔn"
"衰","cuī"
"衰","shuāi"
"衲","nà"
"衵","nì"
"衷","zhōng"
"衽","rèn"
"衾","qīn"
"衿","jīn"
"袁","yuán"
"袂","mèi"
"袄","ǎo"
"袅","niǎo"
"袈","jiā"
"袋","dài"
"袍","páo"
"袒","tǎn"
"袖","xiù"
"袗","zhěn"
"袚","fú"
"袜","wà"
"袟","zhì"
"袤","mào"
"被","bèi"
"袭","xí"
"袱","fú"
"袲","yí"
"袷","jiá"
"袺","jié"
"袽","rú"
"裀","yīn"
"裁","cái"
"裂","liè"
"装","zhuāng"
"裆","dāng"
"裋","shù"
"裌","jiá"
"裎","chéng"
"裒","póu"
"裔","yì"
"裕","yù"
"裘","qiú"
"裙","qún"
"裟","shā"
"裢","lián"
"裤","kù"
"裨","bì"
"裨","pí"
"裯","chóu"
"裱","biǎo"
"裳","cháng"
"裴","péi"
"裸","guàn"
"裸","kè"
"裸","luǒ"
"裹","guǒ"
"裾","jū"
"褂","guà"
"褊","biǎn"
"褌","huī"
"褒","bāo"
"褓","bǎo"
"褔","fù"
"褕","yú"
"褙","bèi"
"褚","chǔ"
"褛","lǚ"
"褡","dā"
"褥","rù"
"褦","nài"
"褧","jiǒng"
"褪","tùn"
"褫","chǐ"
"褯","jiè"
"褰","qiān"
"褴","lán"
"褵","lí"
"褽","wèi"
"襁","qiǎng"
"襄","xiāng"
"襆","pú"
"襋","jí"
"襌","dān"
"襚","suì"
"襛","nóng"
"襜","chān"
"襞","bì"
"襟","jīn"
"襡","shú"
"襢","tǎn"
"襦","rú"
"襫","shì"
"襬","bǎi"
"襭","xié"
"襮","bó"
"襴","lán"
"襶","dài"
"襼","yì"
"西","xī"
"要","yào"
"要","yāo"
"覃","tán"
"覆","fù"
"覈","hé"
"覜","tiào"
"见","jiàn"
"见","xiàn"
"观","guàn"
"观","guān"
"规","guī"
"觅","mì"
"视","shì"
"觇","zhān"
"览","lǎn"
"觉","jiào"
"觉","jué"
"觊","jì"
"觋","xí"
"觌","dí"
"觎","yú"
"觏","gòu"
"觑","qù"
"角","jiǎo"
"角","jué"
"觖","jué"
"觚","gū"
"觜","zī"
"觜","zuǐ"
"觝","dǐ"
"觞","shāng"
"觡","gé"
"解","jiè"
"解","jiě"
"解","xiè"
"觥","gōng"
"触","chù"
"觩","qiú"
"觫","sù"
"觭","jī"
"觯","zhì"
"觱","bì"
"觳","hú"
"觷","xué"
"觼","jué"
"觿","xī"
"言","yán"
"訇","hōng"
"訏","xū"
"訑","yí"
"訒","rèn"
"訧","yóu"
"訾","zǐ"
"訾","zī"
"詈","lì"
"詊","pàn"
"詖","bì"
"詗","xiòng"
"詹","zhān"
"詻","è"
"誃","chǐ"
"誉","yù"
"誊","téng"
"誓","shì"
"誾","yín"
"諆","qī"
"諝","xǔ"
"諟","shì"
"諡","shì"
"諴","xián"
"諵","nán"
"謆","shàn"
"謇","jiǎn"
"謍","yíng"
"謏","sǒu"
"謏","xiǎo"
"謷","áo"
"譅","sè"
"譆","xī"
"譈","duì"
"譒","bò"
"警","jǐng"
"譬","pì"
"譸","zhōu"
"讅","shěn"
"讋","zhé"
"讙","huān"
"讟","dú"
"讠","liú"
"计","jì"
"订","dìng"
"讣","fù"
"认","rèn"
"讥","jī"
"讦","jié"
"讨","tǎo"
"让","ràng"
"讪","shàn"
"讫","qì"
"训","xùn"
"议","yì"
"讯","xùn"
"记","jì"
"讲","jiǎng"
"讳","huì"
"讴","ōu"
"讵","jù"
"讶","yà"
"讷","nè"
"许","xǔ"
"讹","é"
"论","lún"
"论","lùn"
"讼","sòng"
"讽","fèng"
"设","shè"
"访","fǎng"
"诀","jué"
"证","zhèng"
"诂","gǔ"
"诃","hē"
"评","píng"
"诅","zǔ"
"识","shí"
"识","zhì"
"诈","zhà"
"诉","sù"
"诊","zhěn"
"诋","dǐ"
"诌","zōu"
"词","cí"
"诎","zhào"
"诏","qū"
"译","yì"
"诒","yí"
"诓","kuāng"
"诔","lěi"
"试","shì"
"诖","guà"
"诗","shī"
"诘","jié"
"诙","huī"
"诚","chéng"
"诛","zhū"
"诜","shēn"
"话","huà"
"诞","dàn"
"诟","gòu"
"诠","quán"
"诡","guǐ"
"询","xún"
"诣","yì"
"该","gāi"
"详","xiáng"
"诧","chà"
"诨","hùn"
"诩","xǔ"
"诫","jiè"
"诬","wū"
"语","yù"
"语","yǔ"
"诮","qiào"
"误","wù"
"诰","gào"
"诱","yòu"
"诲","huì"
"诳","kuáng"
"说","shuì"
"说","shuō"
"诵","sòng"
"请","qǐng"
"诸","zhū"
"诹","zōu"
"诺","nuò"
"读","dòu"
"读","dú"
"诼","zhuó"
"诽","fěi"
"课","kè"
"诿","wěi"
"谀","yú"
"谁","shéi"
"谁","shuí"
"谂","shěn"
"调","diào"
"调","tiáo"
"谄","chǎn"
"谅","liàng"
"谆","zhūn"
"谇","suì"
"谈","tán"
"谊","yì"
"谋","móu"
"谌","chén"
"谍","dié"
"谎","huǎng"
"谏","jiàn"
"谐","xié"
"谒","yè"
"谓","wèi"
"谔","è"
"谕","yù"
"谖","xuān"
"谗","chán"
"谘","zī"
"谙","ān"
"谚","yàn"
"谛","dì"
"谜","mí"
"谝","piǎn"
"谟","mó"
"谠","dǎng"
"谡","sù"
"谢","xiè"
"谣","yáo"
"谤","bàng"
"谥","shì"
"谦","qiān"
"谧","mì"
"谨","jǐn"
"谩","mán"
"谩","màn"
"谪","zhé"
"谫","jiǎn"
"谬","miù"
"谭","tán"
"谮","zèn"
"谯","qiáo"
"谯","qiào"
"谰","lán"
"谱","pǔ"
"谲","jué"
"谳","yàn"
"谴","qiǎn"
"谵","zhān"
"谶","chèn"
"谷","gǔ"
"谷","yù"
"豁","huá"
"豁","huò"
"豁","huō"
"豆","dòu"
"豇","jiāng"
"豉","chǐ"
"豌","wān"
"豏","xiàn"
"豕","shǐ"
"豗","huī"
"豚","tún"
"豝","bā"
"象","xiàng"
"豢","huàn"
"豨","xī"
"豪","háo"
"豫","yù"
"豭","jiā"
"豳","bīn"
"豵","zōng"
"豶","fén"
"豷","yì"
"豸","zhì"
"豹","bào"
"豺","chái"
"豻","àn"
"豻","hàn"
"貂","diāo"
"貅","xiū"
"貆","huán"
"貉","háo"
"貉","hé"
"貉","mò"
"貊","mò"
"貌","mào"
"貔","pí"
"貘","mò"
"貜","jué"
"貤","yí"
"賝","chēn"
"賨","cóng"
"賮","jìn"
"賵","fèng"
"賸","shèng"
"贇","yūn"
"贉","tǎn"
"贔","bì"
"贝","bèi"
"贞","zhēn"
"负","fù"
"贡","gòng"
"财","cái"
"责","zé"
"贤","xián"
"败","bài"
"账","zhàng"
"货","huò"
"质","zhì"
"贩","fàn"
"贪","tān"
"贫","pín"
"贬","biǎn"
"购","gòu"
"贯","guàn"
"贰","èr"
"贱","jiàn"
"贲","bēn"
"贲","bì"
"贳","shì"
"贴","tiē"
"贵","guì"
"贶","kuàng"
"贷","dài"
"贸","mào"
"费","fèi"
"贺","hè"
"贻","yí"
"贼","zéi"
"贽","zhì"
"贾","gǔ"
"贾","jiǎ"
"贿","huì"
"赀","zī"
"赁","lìn"
"赂","lù"
"赃","zāng"
"资","zī"
"赅","gāi"
"赆","jìn"
"赇","qiú"
"赈","zhèn"
"赉","lài"
"赊","shē"
"赋","fù"
"赌","dǔ"
"赎","shú"
"赏","shǎng"
"赐","cì"
"赓","gēng"
"赔","péi"
"赖","lài"
"赘","zhuì"
"赙","fù"
"赚","zhuàn"
"赚","zuàn"
"赛","sài"
"赜","zé"
"赝","yàn"
"赞","zàn"
"赠","zèng"
"赡","shàn"
"赢","yíng"
"赣","gàn"
"赤","chì"
"赦","shè"
"赧","nǎn"
"赫","hè"
"赬","chēng"
"赭","zhě"
"走","zǒu"
"赴","fù"
"赵","zhào"
"赶","gǎn"
"起","qǐ"
"趁","chèn"
"趄","jū"
"趄","qiè"
"超","chāo"
"越","yuè"
"趋","qū"
"趔","liè"
"趟","tàng"
"趡","cuǐ"
"趣","qù"
"趫","qiáo"
"趯","tì"
"趯","yuè"
"趱","zǎn"
"足","zú"
"趴","pā"
"趵","bào"
"趸","dǔn"
"趹","jué"
"趺","fū"
"趼","jiǎn"
"趾","zhǐ"
"跁","pá"
"跂","qí"
"跃","yuè"
"跄","qiàng"
"跄","qiāng"
"跅","tuò"
"跋","bá"
"跌","diē"
"跎","tuó"
"跏","jiā"
"跑","pǎo"
"跖","zhí"
"跗","fū"
"跚","shān"
"跛","bǒ"
"距","jù"
"跞","lì"
"跟","gēn"
"跣","xiǎn"
"跤","jiāo"
"跦","zhū"
"跧","quán"
"跨","kuà"
"跩","zhuǎi"
"跪","guì"
"跫","qióng"
"跬","kuǐ"
"路","lù"
"跱","zhì"
"跲","jiá"
"跳","tiào"
"跴","cǎi"
"践","jiàn"
"跷","qiāo"
"跸","bì"
"跹","xiān"
"跻","jī"
"跽","jì"
"踅","chì"
"踅","xué"
"踉","liáng"
"踉","liàng"
"踊","yǒng"
"踌","chóu"
"踏","tà"
"踖","jí"
"踘","jú"
"踝","huái"
"踞","jù"
"踟","chí"
"踡","quán"
"踢","tī"
"踣","bó"
"踤","cù"
"踦","jǐ"
"踧","cù"
"踩","cǎi"
"踪","zōng"
"踬","zhì"
"踯","zhí"
"踵","zhǒng"
"踶","dì"
"踹","chuài"
"踽","jǔ"
"蹀","dié"
"蹁","pián"
"蹂","róu"
"蹄","tí"
"蹇","jiǎn"
"蹈","dǎo"
"蹉","cuō"
"蹊","xī"
"蹋","tà"
"蹐","jí"
"蹑","niè"
"蹒","pán"
"蹓","liù"
"蹙","cù"
"蹚","tāng"
"蹝","xǐ"
"蹡","qiāng"
"蹢","dí"
"蹦","bèng"
"蹩","bié"
"蹬","dèng"
"蹭","céng"
"蹭","cèng"
"蹯","fán"
"蹰","chú"
"蹲","dūn"
"蹴","cù"
"蹶","jué"
"蹻","qiāo"
"蹿","cuān"
"躁","zào"
"躄","bì"
"躇","chú"
"躐","liè"
"躔","chán"
"躗","wèi"
"躘","lóng"
"躞","xiè"
"躩","jué"
"身","shēn"
"躬","gōng"
"躯","qū"
"躲","duǒ"
"躺","tǎng"
"軏","yuè"
"軘","tún"
"軜","nà"
"軝","qí"
"軥","qú"
"軱","gū"
"輀","ér"
"輈","zhōu"
"輗","ní"
"輠","guǒ"
"輮","róu"
"輴","chūn"
"輶","yóu"
"輹","fù"
"轀","wēn"
"轏","zhàn"
"轑","lǎo"
"轒","fén"
"轕","gé"
"轖","sè"
"轗","kǎn"
"轘","huàn"
"轝","yú"
"车","chē"
"车","jū"
"轧","yà"
"轨","guǐ"
"轩","xuān"
"轫","rèn"
"转","zhuǎi"
"转","zhuàn"
"转","zhuǎn"
"轭","è"
"轮","lún"
"软","ruǎn"
"轰","hōng"
"轲","kē"
"轳","lú"
"轴","zhóu"
"轴","zhú"
"轵","zhǐ"
"轶","yì"
"轸","zhěn"
"轹","lì"
"轺","yáo"
"轻","qīng"
"轼","shì"
"载","zài"
"载","zǎi"
"轾","zhì"
"轿","jiào"
"辁","quán"
"辂","lù"
"较","jiào"
"辅","fǔ"
"辆","liàng"
"辇","niǎn"
"辈","bèi"
"辉","huī"
"辊","gǔn"
"辋","wǎng"
"辍","chuò"
"辎","zī"
"辏","còu"
"辐","fú"
"输","shū"
"辔","pèi"
"辕","yuán"
"辖","xiá"
"辗","zhǎn"
"辘","lù"
"辙","chè"
"辙","zhé"
"辚","lín"
"辛","xīn"
"辜","gū"
"辞","cí"
"辟","bì"
"辟","pì"
"辣","là"
"辨","biàn"
"辩","biàn"
"辫","biàn"
"辰","chén"
"辱","rǔ"
"边","biān"
"辽","liáo"
"达","dá"
"迁","qiān"
"迂","yū"
"迄","qì"
"迅","xùn"
"过","guò"
"迈","mài"
"迋","wàng"
"迎","yíng"
"运","yùn"
"近","jìn"
"迓","yà"
"返","fǎn"
"还","hái"
"还","huán"
"这","zhè"
"这","zhèi"
"进","jìn"
"远","yuǎn"
"违","wéi"
"连","lián"
"迟","chí"
"迢","tiáo"
"迤","yí"
"迤","yǐ"
"迥","jiǒng"
"迦","jiā"
"迨","dài"
"迩","ěr"
"迪","dí"
"迫","pò"
"迭","dié"
"迮","zé"
"述","shù"
"迳","jìng"
"迷","mí"
"迸","bèng"
"迹","jī"
"追","zhuī"
"退","tuì"
"送","sòng"
"适","shì"
"逃","táo"
"逄","páng"
"逅","hòu"
"逆","nì"
"选","xuǎn"
"逊","xùn"
"逋","bū"
"逌","yóu"
"逍","xiāo"
"透","tòu"
"逐","zhú"
"逑","qiú"
"递","dì"
"途","tú"
"逖","tì"
"逗","dòu"
"通","tōng"
"逛","guàng"
"逝","shì"
"逞","chěng"
"速","sù"
"造","zào"
"逡","qūn"
"逢","féng"
"逦","lǐ"
"逭","huàn"
"逮","dài"
"逮","dǎi"
"逯","lù"
"逴","chuò"
"逵","kuí"
"逸","yì"
"逻","luó"
"逼","bī"
"逾","yú"
"遁","dùn"
"遂","suì"
"遄","chuán"
"遇","yù"
"遍","biàn"
"遏","è"
"遐","xiá"
"遑","huáng"
"遒","qiú"
"道","dào"
"遗","yí"
"遘","gòu"
"遛","liù"
"遝","tà"
"遣","qiǎn"
"遥","yáo"
"遨","áo"
"遫","sù"
"遭","zāo"
"遮","zhē"
"遯","dùn"
"遰","dì"
"遴","lín"
"遵","zūn"
"遶","rào"
"遹","yù"
"遻","wù"
"遽","jù"
"避","bì"
"邀","yāo"
"邂","xiè"
"邃","suì"
"邅","zhān"
"邈","miǎo"
"邑","yì"
"邓","dèng"
"邕","yōng"
"邗","hán"
"邘","yú"
"邙","máng"
"邛","qióng"
"邝","kuàng"
"邠","bīn"
"邡","fāng"
"邢","xíng"
"那","nà"
"那","nǎ"
"那","nèi"
"邦","bāng"
"邧","yuán"
"邪","xié"
"邬","wū"
"邮","yóu"
"邯","hán"
"邰","tái"
"邱","qiū"
"邲","bì"
"邴","bǐng"
"邵","shào"
"邶","bèi"
"邸","dǐ"
"邹","zōu"
"邺","yè"
"邻","lín"
"邽","guī"
"邾","zhū"
"邿","shī"
"郁","yù"
"郃","hé"
"郅","zhì"
"郇","xún"
"郈","hòu"
"郊","jiāo"
"郎","láng"
"郏","jiá"
"郐","kuài"
"郑","zhèng"
"郓","yùn"
"郔","yán"
"郕","chéng"
"郗","chī"
"郙","fǔ"
"郚","wú"
"郛","fú"
"郜","gào"
"郝","hǎo"
"郠","gěng"
"郡","jùn"
"郢","yǐng"
"郤","xì"
"郦","lì"
"郧","yún"
"部","bù"
"郪","qī"
"郫","pí"
"郭","guō"
"郯","tán"
"郳","ní"
"郴","chēn"
"郸","dān"
"郹","jú"
"都","dōu"
"都","dū"
"郾","yǎn"
"郿","méi"
"鄀","ruò"
"鄂","è"
"鄄","juàn"
"鄇","hòu"
"鄈","kuí"
"鄋","sōu"
"鄍","míng"
"鄎","xì"
"鄏","rù"
"鄐","chù"
"鄑","zī"
"鄗","hào"
"鄘","yōng"
"鄙","bǐ"
"鄚","mò"
"鄜","fū"
"鄞","yín"
"鄠","hù"
"鄢","yān"
"鄣","zhāng"
"鄤","màn"
"鄩","xín"
"鄫","céng"
"鄮","mào"
"鄯","shàn"
"鄱","pó"
"鄻","liǎn"
"鄾","yōu"
"鄿","qí"
"酃","líng"
"酅","xī"
"酆","fēng"
"酇","zàn"
"酉","yǒu"
"酊","dǐng"
"酋","qiú"
"酌","zhuó"
"配","pèi"
"酎","zhòu"
"酏","yí"
"酐","gān"
"酒","jiǔ"
"酗","xù"
"酚","fēn"
"酝","yùn"
"酡","tuó"
"酢","zuò"
"酣","hān"
"酤","gū"
"酥","sū"
"酪","lào"
"酬","chóu"
"酮","tóng"
"酯","zhǐ"
"酱","jiàng"
"酲","chéng"
"酴","tú"
"酵","jiào"
"酷","kù"
"酸","suān"
"酹","lèi"
"酺","pú"
"酽","yàn"
"酿","niàng"
"醁","lù"
"醇","chún"
"醉","zuì"
"醊","chuò"
"醋","cù"
"醑","xǔ"
"醒","xǐng"
"醓","tǎn"
"醚","mí"
"醛","quán"
"醡","zhà"
"醢","hǎi"
"醣","táng"
"醪","láo"
"醭","bú"
"醮","jiào"
"醯","xī"
"醲","nóng"
"醴","lǐ"
"醵","jù"
"醹","rú"
"醺","xūn"
"醼","yàn"
"醽","líng"
"醾","mí"
"釂","jiào"
"采","biàn"
"采","cài"
"采","cǎi"
"釉","yòu"
"释","shì"
"里","lǐ"
"重","chóng"
"重","zhòng"
"野","yě"
"量","liáng"
"量","liàng"
"金","jīn"
"釜","fǔ"
"釬","hàn"
"釭","gāng"
"釸","xì"
"鈃","xíng"
"鈇","fū"
"鈊","xīn"
"鈒","jí"
"鉆","zhēn"
"鉌","hé"
"鉏","chú"
"鉥","shù"
"鉴","jiàn"
"鉶","xíng"
"銍","zhì"
"銎","qiōng"
"銛","xiān"
"銤","mǐ"
"銮","luán"
"銶","qiú"
"鋂","méi"
"鋆","yún"
"鋈","wù"
"鋍","bó"
"鋐","hóng"
"鋕","zhì"
"鋘","wú"
"鋙","wú"
"鋩","máng"
"錀","lún"
"錏","yà"
"錔","tà"
"錞","chún"
"錡","qí"
"錩","chāng"
"錾","zàn"
"鍏","wéi"
"鍚","yáng"
"鍠","huáng"
"鍪","móu"
"鍭","hóu"
"鍹","xuān"
"鎉","tà"
"鎏","liú"
"鎡","zī"
"鏖","áo"
"鏚","qì"
"鏦","cōng"
"鐏","zūn"
"鐩","suì"
"鐻","jù"
"鑀","ài"
"鑕","zhì"
"鑢","lǜ"
"鑤","bào"
"鑪","lú"
"鑫","xīn"
"鑯","jiān"
"鑱","chán"
"鑵","guàn"
"钃","shǔ"
"钆","gá"
"钇","yǐ"
"针","zhēn"
"钉","dīng"
"钊","zhāo"
"钋","pō"
"钌","liǎo"
"钍","tǔ"
"钏","chuàn"
"钐","shān"
"钒","fán"
"钓","diào"
"钔","mén"
"钕","nǚ"
"钗","chāi"
"钙","gài"
"钛","tài"
"钜","jù"
"钝","dùn"
"钞","chāo"
"钟","zhōng"
"钠","nà"
"钡","bèi"
"钢","gāng"
"钣","bǎn"
"钤","qián"
"钥","yào"
"钥","yuè"
"钦","qīn"
"钧","jūn"
"钨","wū"
"钩","gōu"
"钪","kàng"
"钫","fāng"
"钬","huǒ"
"钮","niǔ"
"钯","bǎ"
"钰","yù"
"钱","qián"
"钲","zhēng"
"钳","qián"
"钴","gǔ"
"钵","bō"
"钶","kē"
"钹","bó"
"钺","yuè"
"钻","zuàn"
"钻","zuān"
"钼","mù"
"钾","jiǎ"
"钿","diàn"
"钿","tián"
"铀","yóu"
"铁","tiě"
"铂","bó"
"铃","líng"
"铄","shuò"
"铅","qiān"
"铆","mǎo"
"铈","shì"
"铊","tā"
"铋","bì"
"铌","ní"
"铍","pí"
"铎","duó"
"铑","lǎo"
"铒","ěr"
"铕","yǒu"
"铗","jiá"
"铙","náo"
"铛","chēng"
"铛","dāng"
"铜","tóng"
"铝","lǚ"
"铟","yīn"
"铠","kǎi"
"铡","zhá"
"铢","zhū"
"铣","xiǎn"
"铤","dìng"
"铤","tǐng"
"铥","diū"
"铧","huá"
"铨","quán"
"铩","shā"
"铪","hā"
"铫","diào"
"铫","yáo"
"铬","gè"
"铭","míng"
"铮","zhēng"
"铯","sè"
"铰","jiǎo"
"铱","yī"
"铲","chǎn"
"铳","chòng"
"铵","ǎn"
"银","yín"
"铷","rú"
"铸","zhù"
"铺","pù"
"铺","pū"
"铼","lái"
"铽","tè"
"链","liàn"
"铿","kēng"
"销","xiāo"
"锁","suǒ"
"锂","lǐ"
"锄","chú"
"锅","guō"
"锆","gào"
"锇","é"
"锈","xiù"
"锉","cuò"
"锊","lüè"
"锋","fēng"
"锌","xīn"
"锐","ruì"
"锑","tī"
"锒","láng"
"锔","jú"
"锔","jū"
"锗","zhě"
"错","cuò"
"锚","máo"
"锞","kè"
"锟","kūn"
"锡","xí"
"锢","gù"
"锣","luó"
"锤","chuí"
"锥","zhuī"
"锦","jǐn"
"锬","tán"
"锭","dìng"
"键","jiàn"
"锯","jù"
"锯","jū"
"锰","měng"
"锱","zī"
"锲","qiè"
"锴","kǎi"
"锵","qiāng"
"锶","sī"
"锷","è"
"锹","qiāo"
"锺","zhōng"
"锻","duàn"
"锾","huán"
"镀","dù"
"镁","měi"
"镂","lòu"
"镄","fèi"
"镇","zhèn"
"镉","gé"
"镊","niè"
"镌","juān"
"镍","niè"
"镏","liú"
"镐","gǎo"
"镐","hào"
"镑","bàng"
"镒","yì"
"镓","jiā"
"镔","bīn"
"镖","biāo"
"镗","tāng"
"镘","màn"
"镛","yōng"
"镜","jìng"
"镝","dī"
"镞","zú"
"镟","xuàn"
"镡","tán"
"镤","pú"
"镦","dūn"
"镧","lán"
"镨","pǔ"
"镪","qiǎng"
"镪","qiāng"
"镫","dèng"
"镬","huò"
"镭","léi"
"镯","zhuó"
"镰","lián"
"镱","yì"
"镳","biāo"
"镶","xiāng"
"长","cháng"
"长","zhǎng"
"閈","hàn"
"閟","bì"
"閺","wén"
"闇","àn"
"闉","yīn"
"闍","dū"
"闍","shé"
"闑","niè"
"闒","tà"
"闓","kǎi"
"闚","kuī"
"闠","huì"
"闤","huán"
"门","mén"
"闩","shuān"
"闪","shǎn"
"闫","yán"
"闭","bì"
"问","wèn"
"闯","chuǎng"
"闰","rùn"
"闱","wéi"
"闲","jiàn"
"闲","xián"
"闳","hóng"
"间","jiàn"
"间","jiān"
"闵","mǐn"
"闷","mèn"
"闷","mēn"
"闸","zhá"
"闹","nào"
"闺","guī"
"闻","wén"
"闼","tà"
"闾","lǘ"
"阀","fá"
"阁","gé"
"阂","hé"
"阃","kǔn"
"阄","jiū"
"阅","yuè"
"阈","yù"
"阉","yān"
"阊","chāng"
"阍","hūn"
"阎","yán"
"阏","è"
"阏","yān"
"阐","chǎn"
"阑","lán"
"阒","qù"
"阔","kuò"
"阕","què"
"阖","hé"
"阗","tián"
"阙","què"
"阙","quē"
"阚","kàn"
"阜","fù"
"阞","lè"
"队","duì"
"阡","qiān"
"阤","tuó"
"阨","è"
"阪","bǎn"
"阬","kēng"
"阮","ruǎn"
"阯","zhǐ"
"阱","jǐng"
"防","fáng"
"阳","yáng"
"阴","yīn"
"阵","zhèn"
"阶","jiē"
"阻","zǔ"
"阼","zuò"
"阽","diàn"
"阽","yán"
"阿","a"
"阿","à"
"阿","ā"
"阿","ē"
"陀","tuó"
"陂","pí"
"陂","pō"
"附","fù"
"际","jì"
"陆","liù"
"陆","lù"
"陇","lǒng"
"陈","chén"
"陉","xíng"
"陋","lòu"
"陌","mò"
"降","jiàng"
"降","xiáng"
"限","xiàn"
"陑","ér"
"陔","gāi"
"陕","shǎn"
"陛","bì"
"陜","shǎn"
"陟","zhì"
"陡","dǒu"
"院","yuàn"
"除","chú"
"陧","niè"
"陨","yǔn"
"险","xiǎn"
"陪","péi"
"陬","zōu"
"陲","chuí"
"陴","pí"
"陵","líng"
"陶","táo"
"陷","xiàn"
"陼","zhǔ"
"陾","réng"
"隃","yú"
"隅","yú"
"隆","lóng"
"隆","lōng"
"隈","wēi"
"隋","suí"
"隍","huáng"
"随","suí"
"隐","yǐn"
"隔","gé"
"隗","wěi"
"隘","ài"
"隙","xì"
"障","zhàng"
"隤","tuí"
"隧","suì"
"隩","yù"
"隮","jī"
"隰","xí"
"隳","huī"
"隶","lì"
"隹","zhuī"
"隽","jùn"
"难","nán"
"难","nàn"
"雀","qiǎo"
"雀","qiāo"
"雀","què"
"雁","yàn"
"雂","qín"
"雄","xióng"
"雅","yǎ"
"集","jí"
"雇","gù"
"雉","zhì"
"雊","gòu"
"雌","cí"
"雍","yōng"
"雎","jū"
"雏","chú"
"雒","luò"
"雕","diāo"
"雘","huò"
"雝","yōng"
"雠","chóu"
"雨","yǔ"
"雩","yú"
"雪","xuě"
"雯","wén"
"雰","fēn"
"雱","páng"
"雳","lì"
"零","líng"
"雷","léi"
"雹","báo"
"雾","wù"
"需","xū"
"霁","jì"
"霂","mù"
"霄","xiāo"
"霅","zhá"
"霆","tíng"
"震","zhèn"
"霈","pèi"
"霉","méi"
"霍","huò"
"霎","shà"
"霏","fēi"
"霓","ní"
"霖","lín"
"霙","yīng"
"霜","shuāng"
"霞","xiá"
"霢","mò"
"霣","yǔn"
"霤","liù"
"霨","wèi"
"霪","yín"
"霭","ǎi"
"霮","dàn"
"霰","xiàn"
"露","lù"
"霸","bà"
"霹","pī"
"霾","mái"
"靆","dài"
"靉","ài"
"青","qīng"
"靓","jìng"
"靖","jìng"
"静","jìng"
"靛","diàn"
"非","fēi"
"靠","kào"
"靡","mí"
"靡","mǐ"
"面","miàn"
"靥","yè"
"革","gé"
"靮","dí"
"靳","jìn"
"靴","xuē"
"靶","bǎ"
"靷","yǐn"
"靸","sǎ"
"靺","mò"
"靼","dá"
"鞀","táo"
"鞃","hóng"
"鞅","yǎng"
"鞋","xié"
"鞍","ān"
"鞑","dá"
"鞗","tiáo"
"鞘","qiào"
"鞚","kòng"
"鞝","zhǎng"
"鞞","bǐng"
"鞠","jū"
"鞣","róu"
"鞨","hé"
"鞭","biān"
"鞮","dī"
"鞯","jiān"
"鞶","pán"
"鞹","kuò"
"韅","xiǎn"
"韍","fú"
"韎","mèi"
"韔","chàng"
"韘","shè"
"韝","gōu"
"韣","dú"
"韦","wéi"
"韧","rèn"
"韩","hán"
"韪","wěi"
"韫","yùn"
"韬","tāo"
"韭","jiǔ"
"音","yīn"
"韵","yùn"
"韶","sháo"
"韹","huáng"
"韺","yīng"
"頄","qiú"
"頍","kuǐ"
"頖","pàn"
"頞","è"
"頠","wěi"
"頫","fǔ"
"頯","kuí"
"頲","tǐng"
"顒","yóng"
"顗","yǐ"
"顜","jiǎng"
"页","yè"
"顶","dǐng"
"顷","qǐng"
"顸","hān"
"项","xiàng"
"顺","shùn"
"须","xū"
"顽","wán"
"顾","gù"
"顿","dùn"
"颀","qí"
"颁","bān"
"颂","sòng"
"颃","háng"
"预","yù"
"颅","lú"
"领","lǐng"
"颇","pō"
"颈","gěng"
"颈","jǐng"
"颉","xié"
"颊","jiá"
"颌","hé"
"颍","yǐng"
"颏","ké"
"颏","kē"
"颐","yí"
"频","pín"
"颓","tuí"
"颔","hàn"
"颖","yǐng"
"颗","kē"
"题","tí"
"颚","è"
"颛","zhuān"
"颜","yán"
"额","é"
"颞","niè"
"颟","mān"
"颠","diān"
"颡","sǎng"
"颢","hào"
"颤","zhàn"
"颦","pín"
"颧","quán"
"颭","zhǎn"
"颸","sī"
"颺","yáng"
"颻","yáo"
"颽","kǎi"
"飀","liú"
"风","fēng"
"飑","biāo"
"飒","sà"
"飓","jù"
"飕","sōu"
"飘","piāo"
"飙","biāo"
"飞","fēi"
"食","shí"
"食","sì"
"飥","tuō"
"飧","sūn"
"飨","xiǎng"
"飶","bì"
"餂","tiǎn"
"餈","cí"
"餍","yàn"
"餐","cān"
"餕","jùn"
"餖","dòu"
"餗","sù"
"餟","zhuì"
"餤","tán"
"餪","nuǎn"
"餫","hún"
"餮","tiè"
"餱","hóu"
"饁","yè"
"饎","chì"
"饐","yì"
"饔","yōng"
"饕","tāo"
"饘","zhān"
"饥","jī"
"饧","táng"
"饧","xíng"
"饨","tún"
"饩","xì"
"饫","yù"
"饬","chì"
"饭","fàn"
"饮","yǐn"
"饯","jiàn"
"饰","shì"
"饱","bǎo"
"饲","sì"
"饴","yí"
"饵","ěr"
"饶","ráo"
"饷","xiǎng"
"饺","jiǎo"
"饼","bǐng"
"饽","bō"
"饿","è"
"馀","yú"
"馁","něi"
"馄","hún"
"馅","xiàn"
"馆","guǎn"
"馈","kuì"
"馊","sōu"
"馋","chán"
"馋","chàn"
"馍","mó"
"馏","liù"
"馐","xiū"
"馒","mán"
"馔","zhuàn"
"首","shǒu"
"馗","kuí"
"馘","guó"
"香","xiāng"
"馝","bì"
"馡","fēi"
"馣","yǎn"
"馨","xīn"
"馵","zhù"
"馹","rì"
"駃","kuài"
"駉","jiǒng"
"駋","zhāo"
"駓","pī"
"駗","zhēn"
"駜","bì"
"駪","shēn"
"駬","ěr"
"駰","yīn"
"駴","xiè"
"駸","qīn"
"駾","tuì"
"騂","xīng"
"騄","lù"
"騆","zhōu"
"騋","lái"
"騑","fēi"
"騠","tí"
"騢","xiá"
"騣","zōng"
"騤","kuí"
"騧","guā"
"騵","yuán"
"驈","yù"
"驌","sù"
"驒","tuó"
"驖","tiě"
"驙","zhān"
"驦","shuāng"
"驩","huān"
"驫","biāo"
"马","mǎ"
"驭","yù"
"驮","duò"
"驮","tuó"
"驯","xún"
"驰","chí"
"驱","qū"
"驳","bó"
"驴","lǘ"
"驵","zǎng"
"驶","shǐ"
"驷","sì"
"驸","fù"
"驹","jū"
"驺","zōu"
"驻","zhù"
"驼","tuó"
"驽","nú"
"驾","jià"
"驿","yì"
"骀","tái"
"骁","xiāo"
"骂","mà"
"骄","jiāo"
"骅","huá"
"骆","luò"
"骇","hài"
"骈","pián"
"骊","lí"
"骋","chěng"
"验","yàn"
"骏","jùn"
"骐","qí"
"骑","qí"
"骓","zhuī"
"骖","cān"
"骗","piàn"
"骘","zhì"
"骚","sāo"
"骛","wù"
"骜","ào"
"骝","liú"
"骞","qiān"
"骟","shàn"
"骠","piào"
"骡","luó"
"骢","cōng"
"骤","zòu"
"骧","xiāng"
"骨","gú"
"骨","gǔ"
"骫","wěi"
"骭","gàn"
"骰","tóu"
"骱","xiè"
"骷","kū"
"骸","hái"
"骼","gé"
"骾","gěng"
"髀","bì"
"髁","kē"
"髅","lóu"
"髋","kuān"
"髌","bìn"
"髑","dú"
"髓","suǐ"
"高","gāo"
"髟","biāo"
"髡","kūn"
"髣","fǎng"
"髦","máo"
"髫","tiáo"
"髭","zī"
"髯","rán"
"髳","máo"
"髹","xiū"
"髽","zhuā"
"鬁","lì"
"鬃","zōng"
"鬅","péng"
"鬈","quán"
"鬋","jiān"
"鬎","là"
"鬐","qí"
"鬑","lián"
"鬒","zhěn"
"鬓","bìn"
"鬗","màn"
"鬙","sēng"
"鬟","huán"
"鬣","liè"
"鬯","chàng"
"鬲","gé"
"鬷","zōng"
"鬻","yù"
"鬼","guǐ"
"魁","kuí"
"魂","hún"
"魃","bá"
"魄","pò"
"魅","mèi"
"魆","xù"
"魇","yǎn"
"魈","xiāo"
"魉","liǎng"
"魊","yù"
"魋","tuí"
"魍","wǎng"
"魏","wèi"
"魑","chī"
"魔","mó"
"魟","gōng"
"魟","hōng"
"鮀","tuó"
"鮆","jì"
"鮓","zhǎ"
"鮨","qí"
"鮶","jūn"
"鮸","miǎn"
"鮿","zhé"
"鯄","qiú"
"鯈","chóu"
"鯙","chún"
"鯥","lù"
"鰆","chūn"
"鰋","yǎn"
"鰜","jiān"
"鰤","shī"
"鰶","jì"
"鰼","xí"
"鱄","zhuān"
"鱆","zhāng"
"鱎","jiǎo"
"鱐","sù"
"鱠","kuài"
"鱣","zhān"
"鱨","cháng"
"鱮","xù"
"鱵","zhēn"
"鱼","yú"
"鱿","yóu"
"鲁","lǔ"
"鲂","fáng"
"鲈","lú"
"鲋","fù"
"鲍","bào"
"鲎","hòu"
"鲐","tái"
"鲑","guī"
"鲒","jié"
"鲔","wěi"
"鲕","ér"
"鲚","jì"
"鲛","jiāo"
"鲜","xiǎn"
"鲜","xiān"
"鲞","xiǎng"
"鲟","xún"
"鲠","gěng"
"鲢","lián"
"鲣","jiān"
"鲤","lǐ"
"鲥","shí"
"鲦","tiáo"
"鲧","gǔn"
"鲨","shā"
"鲫","jì"
"鲭","qīng"
"鲮","líng"
"鲰","zōu"
"鲲","kūn"
"鲳","chāng"
"鲵","ní"
"鲷","diāo"
"鲸","jīng"
"鲻","zī"
"鳃","sāi"
"鳄","è"
"鳅","qiū"
"鳆","fù"
"鳇","huáng"
"鳌","áo"
"鳍","qí"
"鳏","guān"
"鳐","yáo"
"鳓","lè"
"鳔","biào"
"鳕","xuě"
"鳖","biē"
"鳗","mán"
"鳜","guì"
"鳝","shàn"
"鳞","lín"
"鳢","lǐ"
"鳦","yǐ"
"鳲","shī"
"鳷","zhī"
"鴄","pī"
"鴈","yàn"
"鴗","lì"
"鴞","xiāo"
"鴢","yòu"
"鴥","yù"
"鴷","liè"
"鴽","rú"
"鵀","rèn"
"鵁","jiāo"
"鵩","fú"
"鵵","tù"
"鵷","yuān"
"鵻","zhuī"
"鶊","gēng"
"鶖","qiū"
"鶡","hé"
"鶬","cāng"
"鶲","wēng"
"鶵","chú"
"鶹","liú"
"鷃","yàn"
"鷇","kòu"
"鷕","yǎo"
"鷖","yī"
"鷟","zhuó"
"鷩","bì"
"鷫","sù"
"鸇","zhān"
"鸏","méng"
"鸑","yuè"
"鸓","lěi"
"鸟","niǎo"
"鸠","jiū"
"鸡","jī"
"鸢","yuān"
"鸣","míng"
"鸥","ōu"
"鸦","yā"
"鸨","bǎo"
"鸩","dān"
"鸩","zhèn"
"鸪","gū"
"鸫","dōng"
"鸬","lú"
"鸭","yā"
"鸯","yāng"
"鸱","chī"
"鸲","qú"
"鸳","yuān"
"鸵","tuó"
"鸶","sī"
"鸷","zhì"
"鸸","ér"
"鸺","xiū"
"鸽","gē"
"鸾","luán"
"鸿","hóng"
"鹁","bó"
"鹃","juān"
"鹄","gǔ"
"鹅","é"
"鹆","yù"
"鹇","xián"
"鹈","tí"
"鹉","wǔ"
"鹊","què"
"鹌","ān"
"鹏","péng"
"鹑","chún"
"鹕","hú"
"鹗","è"
"鹘","hú"
"鹜","wù"
"鹞","yào"
"鹣","jiān"
"鹤","hè"
"鹦","yīng"
"鹧","zhè"
"鹩","liáo"
"鹪","jiāo"
"鹫","jiù"
"鹬","yù"
"鹭","lù"
"鹰","yīng"
"鹳","guàn"
"鹾","cuó"
"鹿","lù"
"麀","yōu"
"麂","jǐ"
"麃","biāo"
"麇","jūn"
"麈","zhǔ"
"麋","mí"
"麑","ní"
"麒","qí"
"麓","lù"
"麚","jiā"
"麛","mí"
"麝","shè"
"麟","lín"
"麤","cū"
"麦","mài"
"麰","móu"
"麸","fū"
"麻","má"
"麾","huī"
"黄","huáng"
"黈","tǒu"
"黍","shǔ"
"黎","lí"
"黏","nián"
"黑","hēi"
"黔","qián"
"默","mò"
"黛","dài"
"黜","chù"
"黝","yǒu"
"黟","yī"
"黠","xiá"
"黥","qíng"
"黧","lí"
"黩","dú"
"黯","àn"
"黰","zhěn"
"黶","yǎn"
"黹","zhǐ"
"黻","fú"
"黼","fǔ"
"黾","mǐn"
"鼋","yuán"
"鼍","tuó"
"鼎","dǐng"
"鼏","mì"
"鼐","nài"
"鼒","zī"
"鼓","gǔ"
"鼕","dōng"
"鼖","fén"
"鼚","chāng"
"鼛","gāo"
"鼠","shǔ"
"鼢","fén"
"鼪","shēng"
"鼫","shí"
"鼯","wú"
"鼷","xī"
"鼹","yǎn"
"鼻","bí"
"鼽","qiú"
"鼾","hān"
"齁","hōu"
"齎","jī"
"齐","qí"
"齑","jī"
"齕","hé"
"齮","yǐ"
"齶","è"
"齿","chǐ"
"龀","chèn"
"龃","jǔ"
"龄","líng"
"龆","tiáo"
"龇","zī"
"龈","kěn"
"龈","yín"
"龉","yǔ"
"龊","chuò"
"龋","qǔ"
"龌","wò"
"龙","lóng"
"龚","gōng"
"龛","kān"
"龟","guī"
"龠","yuè"
"嗀","huò"
